the	x	x
art	n	d000.s000.t000
of	x	x
change_ringing	n	d000.s000.t001
be	v	x
peculiar	a	d000.s000.t002
to	x	x
the	x	x
english	n	d000.s000.t003
,	x	x
and	x	x
,	x	x
like	x	x
most	a	d000.s000.t004
english	a	d000.s000.t005
peculiarity	n	d000.s000.t006
,	x	x
unintelligible	a	d000.s000.t007
to	x	x
the	x	x
rest	n	d000.s000.t008
of	x	x
the	x	x
world	n	d000.s000.t009
.	x	x
<eos>	x	x
dorothy	n	x
l.	n	x
sayer	n	x
,	x	x
``	x	x
the	x	x
nine	n	x
tailor	n	d000.s001.t000
``	x	x
<eos>	x	x
aslacton	n	x
,	x	x
england	n	d000.s002.t000
--	x	x
<eos>	x	x
of	x	x
all	x	x
scene	n	d000.s003.t000
that	x	x
evoke	v	d000.s003.t001
rural	a	d000.s003.t002
england	n	d000.s003.t003
,	x	x
this	x	x
be	v	x
one	x	x
of	x	x
the	x	x
lovely	a	d000.s003.t004
:	x	x
a	x	x
ancient	a	d000.s003.t005
stone	n	d000.s003.t006
church	n	d000.s003.t007
stand	v	d000.s003.t008
amid	x	x
the	x	x
field	n	d000.s003.t009
,	x	x
the	x	x
sound	n	d000.s003.t010
of	x	x
bell	n	d000.s003.t011
cascade	v	d000.s003.t012
from	x	x
its	x	x
tower	n	d000.s003.t013
,	x	x
call	v	d000.s003.t014
the	x	x
faithful	n	d000.s003.t015
to	x	x
evensong	n	d000.s003.t016
.	x	x
<eos>	x	x
the	x	x
parishioner	n	d000.s004.t000
of	x	x
st.	n	x
michael	n	x
and	x	x
all	n	x
angel	n	x
stop	v	d000.s004.t001
to	x	x
chat	v	d000.s004.t002
at	x	x
the	x	x
church	n	d000.s004.t003
door	n	d000.s004.t004
,	x	x
as	x	x
member	n	d000.s004.t005
here	r	d000.s004.t006
always	r	d000.s004.t007
have	v	x
.	x	x
<eos>	x	x
in	x	x
the	x	x
tower	n	d000.s005.t000
,	x	x
five	x	x
man	n	d000.s005.t001
and	x	x
woman	n	d000.s005.t002
pull	v	d000.s005.t003
rhythmically	r	d000.s005.t004
on	x	x
rope	n	d000.s005.t005
attach	v	d000.s005.t006
to	x	x
the	x	x
same	a	d000.s005.t007
five	x	x
bell	n	d000.s005.t008
that	x	x
first	r	d000.s005.t009
sound	v	d000.s005.t010
here	r	d000.s005.t011
in	x	x
1614	x	x
.	x	x
<eos>	x	x
but	x	x
there	x	x
be	v	x
also	r	d000.s006.t000
a	x	x
discordant	a	d000.s006.t001
,	x	x
modern	a	d000.s006.t002
note	n	d000.s006.t003
in	x	x
aslacton	n	x
,	x	x
though	x	x
it	x	x
can	v	x
not	r	x
be	v	x
hear	v	x
by	x	x
the	x	x
churchgoer	n	d000.s006.t004
enjoy	v	d000.s006.t005
the	x	x
peal	n	d000.s006.t006
of	x	x
bell	n	d000.s006.t007
this	x	x
cool	a	d000.s006.t008
autumn	n	d000.s006.t009
evening	n	d000.s006.t010
.	x	x
<eos>	x	x
like	x	x
most	a	d000.s007.t000
of	x	x
the	x	x
other	a	d000.s007.t001
6,000	x	x
church	n	d000.s007.t002
in	x	x
britain	n	d000.s007.t003
with	x	x
set	n	d000.s007.t004
of	x	x
bell	n	d000.s007.t005
,	x	x
st.	n	x
michael	n	x
once	r	d000.s007.t006
have	v	x
its	x	x
own	a	d000.s007.t007
``	x	x
band	n	d000.s007.t008
``	x	x
of	x	x
ringer	n	d000.s007.t009
,	x	x
who	x	x
would	v	x
herald	v	d000.s007.t010
every	x	x
sunday	n	d000.s007.t011
morning	n	d000.s007.t012
and	x	x
evening	n	d000.s007.t013
service	n	d000.s007.t014
.	x	x
<eos>	x	x
now	r	d000.s008.t000
,	x	x
only	r	d000.s008.t001
one	x	x
local	a	d000.s008.t002
ringer	n	d000.s008.t003
remain	v	d000.s008.t004
:	x	x
64-year-old	a	x
derek	n	x
hammond	n	x
.	x	x
<eos>	x	x
the	x	x
other	n	x
here	r	d000.s009.t000
today	n	d000.s009.t001
live	v	d000.s009.t002
elsewhere	r	d000.s009.t003
.	x	x
<eos>	x	x
they	x	x
belong_to	v	d000.s010.t000
a	x	x
group	n	d000.s010.t001
of	x	x
15	x	x
ringer	n	d000.s010.t002
--	x	x
include	v	d000.s010.t003
two	x	x
octogenarian	n	d000.s010.t004
and	x	x
four	x	x
youngster	n	d000.s010.t005
in	x	x
training	n	d000.s010.t006
--	x	x
who	x	x
drive	v	d000.s010.t007
every	x	x
sunday	n	d000.s010.t008
from	x	x
church	n	d000.s010.t009
to	x	x
church	n	d000.s010.t010
in	x	x
a	x	x
sometimes-exhausting	a	x
effort	n	d000.s010.t011
to	x	x
keep	v	d000.s010.t012
the	x	x
bell	n	d000.s010.t013
sound	v	d000.s010.t014
in	x	x
the	x	x
many	a	d000.s010.t015
belfry	n	d000.s010.t016
of	x	x
east	n	x
anglium	n	x
.	x	x
<eos>	x	x
``	x	x
to	x	x
ring	v	x
for	x	x
even	r	d000.s011.t000
one	x	x
service	n	d000.s011.t001
at	x	x
this	x	x
tower	n	d000.s011.t002
,	x	x
we	x	x
have	v	x
to	x	x
scrape	v	d000.s011.t003
,	x	x
``	x	x
say	v	d000.s011.t004
mr.	n	x
hammond	n	x
,	x	x
a	x	x
retired	a	d000.s011.t005
water-authority	n	x
worker	n	d000.s011.t006
.	x	x
``	x	x
<eos>	x	x
we	x	x
have	v	x
try	v	d000.s012.t000
to	x	x
train	v	d000.s012.t001
the	x	x
youngster	n	d000.s012.t002
,	x	x
but	x	x
they	x	x
have	v	x
they	x	x
disco	n	d000.s012.t003
and	x	x
they	x	x
dance	n	d000.s012.t004
,	x	x
and	x	x
they	x	x
just	r	d000.s012.t005
drift	v	d000.s012.t006
away	r	d000.s012.t007
.	x	x
``	x	x
<eos>	x	x
mr.	n	x
hammond	n	x
worry	v	d000.s013.t000
that	x	x
old_age	n	d000.s013.t001
and	x	x
the	x	x
flightiness	n	d000.s013.t002
of	x	x
youth	n	d000.s013.t003
will	v	x
diminish	v	d000.s013.t004
the	x	x
rank	n	d000.s013.t005
of	x	x
the	x	x
east	a	x
anglian	a	x
group	n	d000.s013.t006
that	x	x
keep	v	d000.s013.t007
the	x	x
aslacton	n	x
bell	n	d000.s013.t008
peal	v	d000.s013.t009
.	x	x
<eos>	x	x
history	n	d000.s014.t000
,	x	x
after	x	x
all	x	x
,	x	x
be	v	x
not	r	x
on	x	x
he	x	x
side	n	d000.s014.t001
.	x	x
<eos>	x	x
accord	v	x
to	x	x
a	x	x
nationwide	a	d000.s015.t000
survey	n	d000.s015.t001
take	v	d000.s015.t002
a	x	x
year	n	d000.s015.t003
ago	r	d000.s015.t004
,	x	x
nearly	r	d000.s015.t005
a	x	x
third	a	x
of	x	x
england	n	d000.s015.t006
's	x	x
church	n	d000.s015.t007
bell	n	d000.s015.t008
be	v	x
no	r	d000.s015.t009
longer	r	d000.s015.t010
ring	v	d000.s015.t011
on	x	x
sunday	n	d000.s015.t012
because	x	x
there	x	x
be	v	x
no	x	x
one	n	x
to	x	x
ring	v	d000.s015.t013
they	x	x
.	x	x
<eos>	x	x
it	x	x
be	v	x
easy	a	d000.s016.t000
to	x	x
see	v	d000.s016.t001
why	r	x
the	x	x
ancient	a	d000.s016.t002
art	n	d000.s016.t003
be	v	x
on	x	x
the	x	x
rope	n	x
.	x	x
<eos>	x	x
the	x	x
less	r	d000.s017.t000
complicated	a	d000.s017.t001
version	n	d000.s017.t002
of	x	x
play	v	d000.s017.t003
tune	n	d000.s017.t004
on	x	x
bell	n	d000.s017.t005
,	x	x
as	x	x
do	v	x
the	x	x
carillon	n	d000.s017.t006
of	x	x
continental	a	d000.s017.t007
europe	n	d000.s017.t008
,	x	x
be	v	x
consider	v	d000.s017.t009
by	x	x
the	x	x
english	n	d000.s017.t010
to	x	x
be	v	x
childish	a	d000.s017.t011
,	x	x
fit	a	d000.s017.t012
only	r	d000.s017.t013
for	x	x
foreigner	n	d000.s017.t014
.	x	x
<eos>	x	x
change_ringing	n	d000.s018.t000
,	x	x
a	x	x
mind-boggling	a	d000.s018.t001
exercise	n	x
the	x	x
english	n	d000.s018.t002
invent	v	d000.s018.t003
380	x	x
year	n	d000.s018.t004
ago	r	d000.s018.t005
,	x	x
require	v	d000.s018.t006
physical	a	d000.s018.t007
dexterity	n	d000.s018.t008
--	x	x
some	x	x
bell	n	d000.s018.t009
weigh	v	d000.s018.t010
more	a	d000.s018.t011
than	x	x
a	x	x
ton	n	d000.s018.t012
--	x	x
combine	v	d000.s018.t013
with	x	x
intense	a	d000.s018.t014
mental	a	d000.s018.t015
concentration	n	d000.s018.t016
.	x	x
<eos>	x	x
proper	a	x
english	a	d000.s019.t000
bell	n	d000.s019.t001
be	v	x
start	v	d000.s019.t002
off	x	x
in	x	x
``	x	x
round	n	d000.s019.t003
,	x	x
``	x	x
from	x	x
the	x	x
high-pitched	a	d000.s019.t004
bell	n	d000.s019.t005
to	x	x
the	x	x
low	a	d000.s019.t006
--	x	x
a	x	x
simple	a	d000.s019.t007
descend	v	d000.s019.t008
scale	n	d000.s019.t009
use	v	d000.s019.t010
,	x	x
in	x	x
large	a	d000.s019.t011
church	n	d000.s019.t012
,	x	x
as	r	x
many	a	d000.s019.t013
as	x	x
12	x	x
bell	n	d000.s019.t014
.	x	x
<eos>	x	x
then	r	d000.s020.t000
,	x	x
at	x	x
a	x	x
signal	n	d000.s020.t001
,	x	x
the	x	x
ringer	n	d000.s020.t002
begin	v	d000.s020.t003
vary	v	d000.s020.t004
the	x	x
order	n	d000.s020.t005
in	x	x
which	x	x
the	x	x
bell	n	d000.s020.t006
sound	v	d000.s020.t007
without	x	x
alter	v	d000.s020.t008
the	x	x
steady	a	d000.s020.t009
rhythm	n	d000.s020.t010
of	x	x
the	x	x
striking	n	d000.s020.t011
.	x	x
<eos>	x	x
each	x	x
variation	n	d000.s021.t000
,	x	x
or	x	x
change	n	d000.s021.t001
,	x	x
can	v	x
occur	v	d000.s021.t002
only	r	d000.s021.t003
once	r	d000.s021.t004
,	x	x
the	x	x
rule	n	d000.s021.t005
state	v	d000.s021.t006
.	x	x
<eos>	x	x
ringer	n	d000.s022.t000
memorize	v	d000.s022.t001
pattern	n	d000.s022.t002
of	x	x
change	n	d000.s022.t003
,	x	x
know	v	d000.s022.t004
as	x	x
``	x	x
method	n	d000.s022.t005
,	x	x
``	x	x
which	x	x
have	v	x
odd-sounding	a	x
name	n	d000.s022.t006
like	x	x
kent	n	x
treble	n	x
bob	n	x
major	n	x
or	x	x
grandsire	n	x
cater	n	x
.	x	x
<eos>	x	x
a	x	x
series	n	d000.s023.t000
of	x	x
5,000	x	x
or	x	x
so	r	d000.s023.t001
change	n	d000.s023.t002
be	v	x
a	x	x
``	x	x
peal	n	x
``	x	x
and	x	x
take	v	d000.s023.t003
about	r	d000.s023.t004
three	x	x
hour	n	d000.s023.t005
.	x	x
<eos>	x	x
a	x	x
look	n	d000.s024.t000
at	x	x
a	x	x
thursday	n	d000.s024.t001
night	n	d000.s024.t002
practice	n	d000.s024.t003
at	x	x
st.	n	x
mary	n	x
abbot	n	x
church	n	d000.s024.t004
in	x	x
the	x	x
kensington	n	x
district	n	d000.s024.t005
of	x	x
london	n	x
give	v	d000.s024.t006
a	x	x
idea	n	d000.s024.t007
of	x	x
the	x	x
work	n	d000.s024.t008
involve	v	d000.s024.t009
.	x	x
<eos>	x	x
ten	x	x
shirt-sleeved	a	x
ringer	n	d000.s025.t000
stand	v	d000.s025.t001
in	x	x
a	x	x
circle	n	d000.s025.t002
,	x	x
one	x	x
foot	n	d000.s025.t003
ahead	r	d000.s025.t004
of	x	x
the	x	x
other	a	x
in	x	x
a	x	x
prizefighter	n	d000.s025.t005
's	x	x
stance	n	d000.s025.t006
,	x	x
each	x	x
pull	v	d000.s025.t007
a	x	x
rope	n	d000.s025.t008
that	x	x
disappear	v	x
through	x	x
a	x	x
small	a	d000.s025.t009
hole	n	d000.s025.t010
in	x	x
the	x	x
high	a	d000.s025.t011
ceiling	n	d000.s025.t012
of	x	x
the	x	x
ringing	n	x
chamber	n	d000.s025.t013
.	x	x
<eos>	x	x
no	x	x
one	n	x
speak	v	d000.s026.t000
,	x	x
and	x	x
the	x	x
snake	v	d000.s026.t001
of	x	x
the	x	x
rope	n	d000.s026.t002
seem	v	d000.s026.t003
to	x	x
make	v	d000.s026.t004
as	x	x
much	a	d000.s026.t005
sound	n	d000.s026.t006
as	x	x
the	x	x
bell	n	d000.s026.t007
themselves	x	x
,	x	x
muffle	v	d000.s026.t008
by	x	x
the	x	x
ceiling	n	d000.s026.t009
.	x	x
<eos>	x	x
totally	r	d000.s027.t000
absorb	v	d000.s027.t001
,	x	x
the	x	x
ringer	n	d000.s027.t002
stare	v	d000.s027.t003
straight	r	d000.s027.t004
ahead	r	d000.s027.t005
,	x	x
use	v	d000.s027.t006
peripheral_vision	n	d000.s027.t007
(	x	x
they	x	x
call	v	d000.s027.t008
it	x	x
``	x	x
rope-sight	n	x
``	x	x
)	x	x
to	x	x
watch	v	d000.s027.t009
the	x	x
other	a	d000.s027.t010
rope	n	d000.s027.t011
and	x	x
thus	r	d000.s027.t012
time	v	d000.s027.t013
they	x	x
pull	n	d000.s027.t014
.	x	x
<eos>	x	x
far	r	d000.s028.t000
above	r	d000.s028.t001
in	x	x
the	x	x
belfry	n	d000.s028.t002
,	x	x
the	x	x
huge	a	d000.s028.t003
bronze	n	d000.s028.t004
bell	n	d000.s028.t005
,	x	x
mount	v	d000.s028.t006
on	x	x
wheel	n	d000.s028.t007
,	x	x
swing	v	d000.s028.t008
madly	r	d000.s028.t009
through	x	x
a	x	x
full	a	d000.s028.t010
360	x	x
degree	n	d000.s028.t011
,	x	x
start	v	d000.s028.t012
and	x	x
end	v	d000.s028.t013
,	x	x
surprisingly	r	d000.s028.t014
,	x	x
in	x	x
the	x	x
inverted	a	d000.s028.t015
,	x	x
or	x	x
mouth-up	a	x
position	n	d000.s028.t016
.	x	x
<eos>	x	x
skilled	a	d000.s029.t000
ringer	n	d000.s029.t001
use	v	d000.s029.t002
they	x	x
wrist	n	d000.s029.t003
to	x	x
advance	v	d000.s029.t004
or	x	x
retard	v	d000.s029.t005
the	x	x
next	a	x
swing	n	d000.s029.t006
,	x	x
so	r	d000.s029.t007
that	x	x
one	x	x
bell	n	d000.s029.t008
can	v	x
swap	v	d000.s029.t009
place	n	d000.s029.t010
with	x	x
another	x	x
in	x	x
the	x	x
following	a	x
change	n	d000.s029.t011
.	x	x
<eos>	x	x
in	x	x
a	x	x
well-known	a	d000.s030.t000
detective_story	n	d000.s030.t001
involve	v	d000.s030.t002
church	n	d000.s030.t003
bell	n	d000.s030.t004
,	x	x
english	a	d000.s030.t005
novelist	n	d000.s030.t006
dorothy	n	x
l.	n	x
sayer	n	x
describe	v	d000.s030.t007
ringing	n	x
as	x	x
a	x	x
``	x	x
passion	n	d000.s030.t008
that	x	x
find	v	d000.s030.t009
its	x	x
satisfaction	n	d000.s030.t010
in	x	x
mathematical	a	d000.s030.t011
completeness	n	d000.s030.t012
and	x	x
mechanical	a	d000.s030.t013
perfection	n	d000.s030.t014
.	x	x
``	x	x
<eos>	x	x
ringer	n	d000.s031.t000
,	x	x
she	x	x
add	v	d000.s031.t001
,	x	x
be	v	x
``	x	x
fill	v	d000.s031.t002
with	x	x
the	x	x
solemn	a	d000.s031.t003
intoxication	n	x
that	x	x
come	v	d000.s031.t004
of	x	x
intricate	a	d000.s031.t005
ritual	n	d000.s031.t006
faultlessly	r	d000.s031.t007
perform	v	d000.s031.t008
.	x	x
``	x	x
``	x	x
<eos>	x	x
ringing	n	x
do	v	x
become	v	d000.s032.t000
a	x	x
bit	n	d000.s032.t001
of	x	x
a	x	x
obsession	n	d000.s032.t002
,	x	x
``	x	x
admit	v	d000.s032.t003
stephanie	n	x
pattenden	n	x
,	x	x
master	n	d000.s032.t004
of	x	x
the	x	x
band	n	d000.s032.t005
at	x	x
st.	n	x
mary	n	x
abbot	n	x
and	x	x
one	x	x
of	x	x
england	n	d000.s032.t006
's	x	x
best	a	d000.s032.t007
female	n	d000.s032.t008
ringer	n	d000.s032.t009
.	x	x
<eos>	x	x
it	x	x
be	v	x
a	x	x
passion	n	d000.s033.t000
that	x	x
usually	r	d000.s033.t001
stay	v	d000.s033.t002
in	x	x
the	x	x
tower	n	d000.s033.t003
,	x	x
however	r	d000.s033.t004
.	x	x
<eos>	x	x
more	r	d000.s034.t000
often	r	d000.s034.t001
than	x	x
not	r	x
,	x	x
ringer	n	d000.s034.t002
think_of	v	d000.s034.t003
the	x	x
church	n	d000.s034.t004
as	x	x
something	n	x
stick_on	v	d000.s034.t005
the	x	x
bottom	n	d000.s034.t006
of	x	x
the	x	x
belfry	n	d000.s034.t007
.	x	x
<eos>	x	x
when	r	x
they	x	x
change	n	d000.s035.t000
be	v	x
complete	v	d000.s035.t001
,	x	x
and	x	x
after	x	x
they	x	x
have	v	x
work_up	v	d000.s035.t002
a	x	x
sweat	n	d000.s035.t003
,	x	x
ringer	n	d000.s035.t004
often	r	d000.s035.t005
skip	v	d000.s035.t006
off	x	x
to	x	x
the	x	x
local	a	d000.s035.t007
pub	n	d000.s035.t008
,	x	x
leave	v	d000.s035.t009
worship	n	d000.s035.t010
for	x	x
other	n	x
below	r	d000.s035.t011
.	x	x
<eos>	x	x
this	x	x
do	v	x
not	r	x
sit	v	x
well	r	d000.s036.t000
with	x	x
some	x	x
cleric	n	d000.s036.t001
.	x	x
<eos>	x	x
with	x	x
membership	n	d000.s037.t000
of	x	x
the	x	x
church_of_england	n	d000.s037.t001
steadily	r	d000.s037.t002
dwindle	v	d000.s037.t003
,	x	x
strong-willed	a	d000.s037.t004
vicar	n	d000.s037.t005
be	v	x
press	v	d000.s037.t006
equally	r	d000.s037.t007
strong-willed	a	d000.s037.t008
and	x	x
often	r	d000.s037.t009
non-religious	a	x
ringer	n	d000.s037.t010
to	x	x
attend	v	d000.s037.t011
service	n	d000.s037.t012
.	x	x
<eos>	x	x
two	x	x
year	n	d000.s038.t000
ago	r	d000.s038.t001
,	x	x
the	x	x
rev.	n	x
jeremy	n	x
hummerstone	n	x
,	x	x
vicar	n	d000.s038.t002
of	x	x
great	n	x
torrington	n	x
,	x	x
devon	n	x
,	x	x
get	v	d000.s038.t003
so	r	d000.s038.t004
feed	v	x
up	x	x
with	x	x
ringer	n	d000.s038.t005
who	x	x
do	v	x
n't	r	x
attend	v	d000.s038.t006
service	n	d000.s038.t007
he	x	x
sack	v	d000.s038.t008
the	x	x
entire	a	d000.s038.t009
band	n	d000.s038.t010
;	x	x
the	x	x
ringer	n	d000.s038.t011
promptly	r	d000.s038.t012
set_up	v	d000.s038.t013
a	x	x
picket_line	n	d000.s038.t014
in	x	x
protest	n	d000.s038.t015
.	x	x
<eos>	x	x
``	x	x
they	x	x
be	v	x
a	x	x
self-perpetuating	a	x
club	n	d000.s039.t000
that	x	x
treat	v	d000.s039.t001
the	x	x
tower	n	d000.s039.t002
as	x	x
sort	n	d000.s039.t003
of	x	x
a	x	x
separate	a	d000.s039.t004
premises	n	d000.s039.t005
,	x	x
``	x	x
the	x	x
vicar	n	x
hummerstone	n	x
say	v	d000.s039.t006
.	x	x
<eos>	x	x
a	x	x
entirely	r	x
new	a	d000.s040.t000
band	n	d000.s040.t001
ring	n	x
today	n	d000.s040.t002
at	x	x
great	n	x
torrington	n	x
,	x	x
several	a	x
of	x	x
whom	x	x
be	v	x
member	n	d000.s040.t003
of	x	x
the	x	x
congregation	n	d000.s040.t004
.	x	x
<eos>	x	x
but	x	x
there	x	x
still	r	d000.s041.t000
be	v	x
not	r	x
enough	a	d000.s041.t001
ringer	n	d000.s041.t002
to	x	x
ring	v	d000.s041.t003
more	a	d000.s041.t004
than	x	x
six	x	x
of	x	x
the	x	x
eight	x	x
bell	n	d000.s041.t005
.	x	x
<eos>	x	x
at	x	x
st.	n	x
mary	n	x
's	x	x
church	n	x
in	x	x
ilminster	n	x
,	x	x
somerset	n	x
,	x	x
the	x	x
bell	n	d000.s042.t000
have	v	x
fall	v	d000.s042.t001
silent	a	d000.s042.t002
follow	v	d000.s042.t003
a	x	x
dustup	n	d000.s042.t004
over	x	x
church	n	d000.s042.t005
attendance	n	d000.s042.t006
.	x	x
<eos>	x	x
the	x	x
vicar	n	d000.s043.t000
,	x	x
w.d.	n	x
jone	n	x
,	x	x
refuse	v	d000.s043.t001
to	x	x
talk_about	v	d000.s043.t002
it	x	x
,	x	x
say	v	d000.s043.t003
it	x	x
would	v	x
``	x	x
reopen	v	x
the	x	x
wound	n	x
.	x	x
``	x	x
<eos>	x	x
but	x	x
c.j.b.	n	x
marshall	n	x
,	x	x
vicar	n	d000.s044.t000
of	x	x
a	x	x
nearby	a	d000.s044.t001
church	n	d000.s044.t002
,	x	x
feel	v	d000.s044.t003
the	x	x
fault	n	d000.s044.t004
be	v	x
in	x	x
the	x	x
stairs	n	d000.s044.t005
from	x	x
the	x	x
bell_tower	n	d000.s044.t006
that	x	x
be	v	x
locate	v	d000.s044.t007
next	a	d000.s044.t008
to	x	x
the	x	x
altar	n	d000.s044.t009
.	x	x
<eos>	x	x
``	x	x
so	r	d000.s045.t000
crunch	n	d000.s045.t001
,	x	x
crunch	n	d000.s045.t002
,	x	x
crunch	n	d000.s045.t003
,	x	x
bang	n	d000.s045.t004
,	x	x
bang	n	d000.s045.t005
,	x	x
bang	n	d000.s045.t006
--	x	x
here	r	d000.s045.t007
come	v	d000.s045.t008
the	x	x
ringer	n	d000.s045.t009
from	x	x
above	r	d000.s045.t010
,	x	x
make	v	d000.s045.t011
a	x	x
very	r	d000.s045.t012
obvious	a	d000.s045.t013
exit	n	d000.s045.t014
while	x	x
the	x	x
congregation	n	d000.s045.t015
be	v	x
at	x	x
prayer	n	d000.s045.t016
,	x	x
``	x	x
he	x	x
say	v	d000.s045.t017
.	x	x
<eos>	x	x
vicar	n	x
marshall	n	x
admit	v	d000.s046.t000
to	x	x
mixed	a	d000.s046.t001
feelings	n	d000.s046.t002
about	x	x
this	x	x
issue	n	d000.s046.t003
,	x	x
since	x	x
he	x	x
be	v	x
both	x	x
a	x	x
vicar	n	d000.s046.t004
and	x	x
a	x	x
active	a	d000.s046.t005
bell_ringer	n	d000.s046.t006
himself	x	x
.	x	x
<eos>	x	x
``	x	x
the	x	x
sound	n	d000.s047.t000
of	x	x
bell	n	d000.s047.t001
be	v	x
a	x	x
net	n	x
to	x	x
draw	v	d000.s047.t002
people	n	d000.s047.t003
into	x	x
the	x	x
church	n	d000.s047.t004
,	x	x
``	x	x
he	x	x
say	v	d000.s047.t005
.	x	x
<eos>	x	x
``	x	x
I	x	x
live	v	d000.s048.t000
in	x	x
hope	n	d000.s048.t001
that	x	x
the	x	x
ringer	n	d000.s048.t002
themselves	x	x
will	v	x
be	v	x
draw	v	d000.s048.t003
into	x	x
that	x	x
full	a	d000.s048.t004
life	n	d000.s048.t005
.	x	x
``	x	x
<eos>	x	x
the	x	x
central	n	x
council	n	x
of	x	x
church	n	x
bell	n	x
ringer	n	x
,	x	x
a	x	x
sort	n	d000.s049.t000
of	x	x
parliament	n	d000.s049.t001
of	x	x
ringing	n	x
group	n	d000.s049.t002
,	x	x
aim	v	d000.s049.t003
to	x	x
improve	v	d000.s049.t004
relations	n	d000.s049.t005
with	x	x
vicar	n	d000.s049.t006
,	x	x
say	v	d000.s049.t007
john	n	x
c.	n	x
baldwin	n	x
,	x	x
president	n	d000.s049.t008
.	x	x
<eos>	x	x
it	x	x
hope	v	d000.s050.t000
to	x	x
speak	v	d000.s050.t001
to	x	x
student	n	d000.s050.t002
at	x	x
theological	a	d000.s050.t003
college	n	d000.s050.t004
about	x	x
the	x	x
joy	n	d000.s050.t005
of	x	x
bell_ringing	n	d000.s050.t006
and	x	x
will	v	x
shortly	r	d000.s050.t007
publish	v	d000.s050.t008
a	x	x
booklet	n	d000.s050.t009
for	x	x
every	x	x
vicar	n	d000.s050.t010
in	x	x
the	x	x
country	n	d000.s050.t011
entitle	v	d000.s050.t012
,	x	x
``	x	x
the	x	x
bell	n	d000.s050.t013
in	x	x
you	x	x
care	n	d000.s050.t014
.	x	x
``	x	x
<eos>	x	x
say	v	d000.s051.t000
mr	n	d000.s051.t001
baldwin	n	x
,	x	x
``	x	x
we	x	x
recognize	v	d000.s051.t002
that	x	x
we	x	x
may	v	x
no	r	d000.s051.t003
longer	r	d000.s051.t004
have	v	x
as	r	x
high	a	d000.s051.t005
a	x	x
priority	n	d000.s051.t006
in	x	x
church	n	d000.s051.t007
life	n	d000.s051.t008
and	x	x
experience	n	d000.s051.t009
.	x	x
``	x	x
<eos>	x	x
mr	n	d000.s052.t000
baldwin	n	x
be	v	x
also	r	d000.s052.t001
attack	v	d000.s052.t002
the	x	x
greater	a	d000.s052.t003
problem	n	d000.s052.t004
:	x	x
lack	n	d000.s052.t005
of	x	x
ringer	n	d000.s052.t006
.	x	x
<eos>	x	x
one	x	x
survey	n	d000.s053.t000
say	v	d000.s053.t001
that	x	x
of	x	x
the	x	x
100,000	x	x
train	v	d000.s053.t002
bell_ringer	n	d000.s053.t003
in	x	x
england	n	d000.s053.t004
today	n	d000.s053.t005
,	x	x
only	r	d000.s053.t006
40,000	x	x
of	x	x
they	x	x
still	r	d000.s053.t007
ring	v	x
.	x	x
<eos>	x	x
also	r	d000.s054.t000
,	x	x
ringer	n	d000.s054.t001
do	v	x
not	r	x
always	r	d000.s054.t002
live	v	d000.s054.t003
where	r	x
the	x	x
bell	n	d000.s054.t004
need	v	d000.s054.t005
to	x	x
be	v	x
ring	v	d000.s054.t006
--	x	x
like	x	x
in	x	x
small	a	d000.s054.t007
,	x	x
rural	a	d000.s054.t008
parish	n	d000.s054.t009
and	x	x
inner_city	n	d000.s054.t010
church	n	x
.	x	x
<eos>	x	x
but	x	x
the	x	x
council	n	d000.s055.t000
's	x	x
program	n	d000.s055.t001
to	x	x
attract	v	d000.s055.t002
and	x	x
train	v	d000.s055.t003
ringer	n	d000.s055.t004
be	v	x
only	r	d000.s055.t005
partly	r	d000.s055.t006
successful	a	d000.s055.t007
,	x	x
say	v	d000.s055.t008
mr	n	d000.s055.t009
baldwin	n	x
.	x	x
<eos>	x	x
``	x	x
right	r	d000.s056.t000
now	r	d000.s056.t001
,	x	x
we	x	x
be	v	x
lucky	a	d000.s056.t002
if	x	x
after	x	x
five	x	x
year	n	d000.s056.t003
we	x	x
keep	v	d000.s056.t004
one	x	x
new	a	d000.s056.t005
ringer	n	d000.s056.t006
out	x	x
of	x	x
10	x	x
,	x	x
``	x	x
he	x	x
add	v	d000.s056.t007
.	x	x
<eos>	x	x
one	x	x
bright	a	d000.s057.t000
sign	n	d000.s057.t001
be	v	x
that	x	x
a	x	x
grow	v	d000.s057.t002
number	n	d000.s057.t003
of	x	x
woman	n	d000.s057.t004
have	v	x
enter	v	d000.s057.t005
the	x	x
once	r	d000.s057.t006
male-dominated	a	x
field	n	d000.s057.t007
;	x	x
more	a	d000.s057.t008
than	x	x
a	x	x
third	n	d000.s057.t009
of	x	x
the	x	x
ringer	n	d000.s057.t010
today	n	d000.s057.t011
be	v	x
woman	n	d000.s057.t012
.	x	x
<eos>	x	x
they	x	x
be	v	x
not	r	x
accept	v	d000.s058.t000
everywhere	r	d000.s058.t001
,	x	x
however	r	d000.s058.t002
.	x	x
<eos>	x	x
the	x	x
oldest	a	x
bell_ringing	n	d000.s059.t000
group	n	d000.s059.t001
in	x	x
the	x	x
country	n	d000.s059.t002
,	x	x
the	x	x
ancient	n	x
society	n	x
of	x	x
college	n	x
youth	n	x
,	x	x
found	v	d000.s059.t003
in	x	x
1637	x	x
,	x	x
remain	v	d000.s059.t004
male-only	a	x
,	x	x
a	x	x
fact	n	d000.s059.t005
that	x	x
'	v	x
particularly	r	d000.s059.t006
galling	a	d000.s059.t007
to	x	x
woman	n	d000.s059.t008
because	x	x
the	x	x
group	n	d000.s059.t009
be	v	x
the	x	x
sole	a	x
source	n	d000.s059.t010
of	x	x
ringer	n	d000.s059.t011
for	x	x
britain	n	d000.s059.t012
's	x	x
most	a	d000.s059.t013
prestigious	a	d000.s059.t014
church	n	d000.s059.t015
,	x	x
st.	n	x
paul	n	x
's	x	x
cathedral	n	x
and	x	x
westminster	n	x
abbey	n	x
.	x	x
<eos>	x	x
this	x	x
be	v	x
britain	n	d000.s060.t000
,	x	x
no	x	x
woman	n	d000.s060.t001
have	v	x
file	v	d000.s060.t002
a	x	x
equal_opportunity	n	d000.s060.t003
suit	n	d000.s060.t004
,	x	x
but	x	x
the	x	x
extent	n	d000.s060.t005
of	x	x
the	x	x
problem	n	d000.s060.t006
surface	v	d000.s060.t007
this	x	x
summer	n	d000.s060.t008
in	x	x
a	x	x
series	n	d000.s060.t009
of	x	x
letter	n	d000.s060.t010
to	x	x
``	x	x
the	x	x
ringing	n	x
world	n	x
,	x	x
``	x	x
a	x	x
weekly	a	d000.s060.t011
newspaper	n	d000.s060.t012
for	x	x
ringer	n	d000.s060.t013
.	x	x
<eos>	x	x
one	x	x
writer	n	d000.s061.t000
,	x	x
sign	v	d000.s061.t001
he	x	x
letter	n	d000.s061.t002
as	x	x
``	x	x
red-blooded	a	d000.s061.t003
,	x	x
balanced	a	d000.s061.t004
male	n	d000.s061.t005
,	x	x
``	x	x
remark	v	d000.s061.t006
on	x	x
the	x	x
``	x	x
frequency	n	d000.s061.t007
of	x	x
woman	n	d000.s061.t008
faint	v	d000.s061.t009
in	x	x
peal	n	x
,	x	x
``	x	x
and	x	x
suggest	v	d000.s061.t010
that	x	x
they	x	x
``	x	x
settle	v	d000.s061.t011
back	r	d000.s061.t012
into	x	x
they	x	x
traditional	a	d000.s061.t013
role	n	d000.s061.t014
of	x	x
make	v	d000.s061.t015
tea	n	d000.s061.t016
at	x	x
meeting	n	d000.s061.t017
.	x	x
``	x	x
<eos>	x	x
in	x	x
the	x	x
torrent	n	d000.s062.t000
of	x	x
reply	n	d000.s062.t001
that	x	x
follow	v	d000.s062.t002
,	x	x
one	x	x
woman	n	d000.s062.t003
ringer	n	d000.s062.t004
from	x	x
solihull	n	x
observe	v	d000.s062.t005
that	x	x
``	x	x
the	x	x
average	a	d000.s062.t006
male	a	d000.s062.t007
ringer	n	d000.s062.t008
leave	v	d000.s062.t009
quite	r	d000.s062.t010
a	x	x
lot	n	d000.s062.t011
to	x	x
be	v	x
desire	v	d000.s062.t012
:	x	x
badly	r	d000.s062.t013
dress	v	d000.s062.t014
,	x	x
decorate	v	d000.s062.t015
with	x	x
acne	n	d000.s062.t016
and	x	x
a	x	x
large	a	d000.s062.t017
beer-belly	n	x
,	x	x
frequently	r	d000.s062.t018
unwashed	a	d000.s062.t019
and	x	x
unbearably	r	d000.s062.t020
flatulent	a	d000.s062.t021
in	x	x
peal	n	x
.	x	x
``	x	x
<eos>	x	x
another	x	x
woman	n	d000.s063.t000
write	v	d000.s063.t001
from	x	x
sheffield	n	x
to	x	x
say	v	d000.s063.t002
that	x	x
in	x	x
she	x	x
60	x	x
year	n	d000.s063.t003
of	x	x
ringing	n	x
,	x	x
``	x	x
I	x	x
have	v	x
never	r	d000.s063.t004
know	v	d000.s063.t005
a	x	x
lady	n	d000.s063.t006
to	x	x
faint	v	d000.s063.t007
in	x	x
the	x	x
belfry	n	d000.s063.t008
.	x	x
<eos>	x	x
I	x	x
have	v	x
see	v	d000.s064.t000
one	x	x
or	x	x
two	x	x
man	n	d000.s064.t001
die	v	d000.s064.t002
,	x	x
bless	v	d000.s064.t003
they	x	x
.	x	x
<eos>	x	x
medical	a	d001.s000.t000
scientist	n	d001.s000.t001
be	v	x
start	v	d001.s000.t002
to	x	x
uncover	v	x
a	x	x
handful	n	d001.s000.t003
of	x	x
gene	n	d001.s000.t004
which	x	x
,	x	x
if	x	x
damage	v	d001.s000.t005
,	x	x
unleash	v	d001.s000.t006
the	x	x
chaotic	a	d001.s000.t007
growth	n	d001.s000.t008
of	x	x
cell	n	d001.s000.t009
that	x	x
characterize	v	d001.s000.t010
cancer	n	d001.s000.t011
.	x	x
<eos>	x	x
scientist	n	d001.s001.t000
say	v	d001.s001.t001
the	x	x
discovery	n	d001.s001.t002
of	x	x
these	x	x
gene	n	d001.s001.t003
in	x	x
recent	a	d001.s001.t004
month	n	d001.s001.t005
be	v	x
paint_a_picture	v	d001.s001.t006
a	x	x
new	a	d001.s001.t007
and	x	x
startling	a	d001.s001.t008
picture	n	x
of	x	x
how	r	x
cancer	n	d001.s001.t009
develop	v	d001.s001.t010
.	x	x
<eos>	x	x
a	x	x
emerge	v	d001.s002.t000
understanding	n	d001.s002.t001
of	x	x
the	x	x
gene	n	d001.s002.t002
be	v	x
expect	v	d001.s002.t003
to	x	x
produce	v	d001.s002.t004
a	x	x
array	n	d001.s002.t005
of	x	x
new	a	d001.s002.t006
strategy	n	d001.s002.t007
for	x	x
future	a	d001.s002.t008
cancer	n	d001.s002.t009
treatment	n	d001.s002.t010
and	x	x
prevention	n	d001.s002.t011
.	x	x
<eos>	x	x
that	x	x
be	v	x
for	x	x
the	x	x
future	n	d001.s003.t000
.	x	x
<eos>	x	x
already	r	d001.s004.t000
,	x	x
scientist	n	d001.s004.t001
be	v	x
develop	v	d001.s004.t002
test	n	d001.s004.t003
base	v	d001.s004.t004
on	x	x
the	x	x
newly	r	d001.s004.t005
identify	v	d001.s004.t006
gene	n	d001.s004.t007
that	x	x
,	x	x
for	x	x
the	x	x
first	a	d001.s004.t008
time	n	d001.s004.t009
,	x	x
can	v	x
predict	v	d001.s004.t010
whether	x	x
a	x	x
otherwise	r	d001.s004.t011
healthy	a	d001.s004.t012
individual	n	d001.s004.t013
be	v	x
likely	a	d001.s004.t014
to	x	x
get	v	d001.s004.t015
cancer	n	d001.s004.t016
.	x	x
<eos>	x	x
``	x	x
it	x	x
'	v	x
a	x	x
super-exciting	a	x
set	n	d001.s005.t000
of	x	x
discovery	n	d001.s005.t001
,	x	x
``	x	x
say	v	d001.s005.t002
bert	n	x
vogelstein	n	x
,	x	x
a	x	x
john	n	x
hopkin	n	x
university	n	x
researcher	n	d001.s005.t003
who	x	x
have	v	x
just	r	d001.s005.t004
find	v	d001.s005.t005
a	x	x
gene	n	d001.s005.t006
pivotal	a	d001.s005.t007
to	x	x
the	x	x
trigger	v	d001.s005.t008
of	x	x
colon	n	d001.s005.t009
cancer	n	d001.s005.t010
.	x	x
<eos>	x	x
``	x	x
only	r	d001.s006.t000
a	x	x
decade	n	d001.s006.t001
ago	r	d001.s006.t002
cancer	n	d001.s006.t003
be	v	x
a	x	x
black	a	x
box	n	x
about	x	x
which	x	x
we	x	x
know	v	d001.s006.t004
nothing	n	d001.s006.t005
at	x	x
the	x	x
molecular	a	d001.s006.t006
level	n	d001.s006.t007
.	x	x
<eos>	x	x
today	n	d001.s007.t000
,	x	x
we	x	x
know	v	d001.s007.t001
that	x	x
the	x	x
accumulation	n	d001.s007.t002
of	x	x
several	a	x
of	x	x
these	x	x
alter	v	d001.s007.t003
gene	n	d001.s007.t004
can	v	x
initiate	v	d001.s007.t005
a	x	x
cancer	n	d001.s007.t006
and	x	x
,	x	x
then	r	d001.s007.t007
,	x	x
propel	v	d001.s007.t008
it	x	x
into	x	x
a	x	x
deadly	a	d001.s007.t009
state	n	d001.s007.t010
.	x	x
``	x	x
<eos>	x	x
scientist	n	d001.s008.t000
call	v	d001.s008.t001
the	x	x
new	a	d001.s008.t002
class	n	d001.s008.t003
of	x	x
gene	n	d001.s008.t004
tumor-suppressor	n	x
,	x	x
or	x	x
simply	r	d001.s008.t005
anticancer	a	d001.s008.t006
gene	n	d001.s008.t007
.	x	x
<eos>	x	x
when	r	x
function	v	d001.s009.t000
normally	r	d001.s009.t001
,	x	x
they	x	x
make	v	d001.s009.t002
protein	n	d001.s009.t003
that	x	x
hold	v	d001.s009.t004
a	x	x
cell	n	d001.s009.t005
's	x	x
growth	n	d001.s009.t006
in	x	x
check	n	x
.	x	x
<eos>	x	x
but	x	x
if	x	x
the	x	x
gene	n	d001.s010.t000
be	v	x
damage	v	d001.s010.t001
--	x	x
perhaps	r	d001.s010.t002
by	x	x
radiation	n	d001.s010.t003
,	x	x
a	x	x
chemical	n	d001.s010.t004
or	x	x
through	x	x
a	x	x
chance	a	d001.s010.t005
accident	n	d001.s010.t006
in	x	x
cell	n	d001.s010.t007
division	n	d001.s010.t008
--	x	x
they	x	x
growth-suppressing	a	x
protein	n	d001.s010.t009
no	r	x
longer	r	d001.s010.t010
work	v	d001.s010.t011
,	x	x
and	x	x
cell	n	d001.s010.t012
normally	r	d001.s010.t013
under	x	x
control	n	x
turn	v	d001.s010.t014
malignant	a	d001.s010.t015
.	x	x
<eos>	x	x
the	x	x
newly	r	d001.s011.t000
identify	v	d001.s011.t001
gene	n	d001.s011.t002
differ	v	d001.s011.t003
from	x	x
a	x	x
family	n	d001.s011.t004
of	x	x
gene	n	d001.s011.t005
discover	v	d001.s011.t006
in	x	x
the	x	x
early	a	d001.s011.t007
1980	x	x
call	v	d001.s011.t008
oncogene	n	d001.s011.t009
.	x	x
<eos>	x	x
oncogene	n	d001.s012.t000
must	v	x
be	v	x
present	a	d001.s012.t001
for	x	x
a	x	x
cell	n	d001.s012.t002
to	x	x
become	v	d001.s012.t003
malignant	a	d001.s012.t004
,	x	x
but	x	x
researcher	n	d001.s012.t005
have	v	x
find	v	d001.s012.t006
they	x	x
in	x	x
normal	a	d001.s012.t007
as	r	x
well	r	x
as	x	x
in	x	x
cancerous	a	d001.s012.t008
cell	n	d001.s012.t009
,	x	x
suggest	v	d001.s012.t010
that	x	x
oncogene	n	d001.s012.t011
do	v	x
n't	r	x
cause	v	d001.s012.t012
cancer	n	d001.s012.t013
by	x	x
themselves	x	x
.	x	x
<eos>	x	x
in	x	x
recent	a	d001.s013.t000
month	n	d001.s013.t001
,	x	x
researcher	n	d001.s013.t002
have	v	x
come	v	d001.s013.t003
to	x	x
believe	v	d001.s013.t004
the	x	x
two	x	x
type	n	d001.s013.t005
of	x	x
cancer	n	d001.s013.t006
gene	n	d001.s013.t007
work	v	d001.s013.t008
in_concert	r	d001.s013.t009
:	x	x
a	x	x
oncogene	n	d001.s013.t010
may	v	x
turn	v	d001.s013.t011
proliferate	v	d001.s013.t012
cell	n	d001.s013.t013
malignant	a	d001.s013.t014
only	r	d001.s013.t015
after	x	x
the	x	x
tumor-suppressor	a	x
gene	n	d001.s013.t016
have	v	x
be	v	x
damage	v	d001.s013.t017
.	x	x
<eos>	x	x
like	x	x
all	x	x
gene	n	d001.s014.t000
,	x	x
tumor-suppressor	a	x
gene	n	d001.s014.t001
be	v	x
inherit	v	d001.s014.t002
in	x	x
two	x	x
copy	n	d001.s014.t003
,	x	x
one	x	x
from	x	x
each	x	x
parent	n	d001.s014.t004
.	x	x
<eos>	x	x
either	x	x
copy	n	d001.s015.t000
can	v	x
make	v	d001.s015.t001
the	x	x
protein	n	d001.s015.t002
need	v	d001.s015.t003
to	x	x
control	v	d001.s015.t004
cell	n	d001.s015.t005
growth	n	d001.s015.t006
,	x	x
so	r	x
for	x	x
cancer	n	d001.s015.t007
to	x	x
arise	v	d001.s015.t008
,	x	x
both	x	x
copy	n	d001.s015.t009
must	v	x
be	v	x
impaired	a	d001.s015.t010
.	x	x
<eos>	x	x
a	x	x
person	n	d001.s016.t000
who	x	x
be	v	x
bear	v	d001.s016.t001
with	x	x
one	x	x
defective	a	d001.s016.t002
copy	n	d001.s016.t003
of	x	x
a	x	x
suppressor_gene	n	d001.s016.t004
,	x	x
or	x	x
in	x	x
whom	x	x
one	x	x
copy	n	d001.s016.t005
be	v	x
damage	v	d001.s016.t006
early	r	d001.s016.t007
in	x	x
life	n	d001.s016.t008
,	x	x
be	v	x
especially	r	d001.s016.t009
prone	a	x
to	x	x
cancer	n	d001.s016.t010
because	x	x
he	x	x
need	v	d001.s016.t011
only	r	d001.s016.t012
lose	v	d001.s016.t013
the	x	x
other	a	d001.s016.t014
copy	n	d001.s016.t015
for	x	x
a	x	x
cancer	n	d001.s016.t016
to	x	x
develop	v	d001.s016.t017
.	x	x
<eos>	x	x
emerging	a	d001.s017.t000
genetic	a	d001.s017.t001
test	n	d001.s017.t002
will	v	x
be	v	x
able	a	d001.s017.t003
to	x	x
spot	v	d001.s017.t004
such	a	d001.s017.t005
cancer-susceptible	a	x
individual	n	d001.s017.t006
,	x	x
usher_in	v	d001.s017.t007
what	x	x
some	x	x
scientist	n	d001.s017.t008
believe	v	d001.s017.t009
be	v	x
a	x	x
new	a	d001.s017.t010
age	n	d001.s017.t011
of	x	x
predictive	a	d001.s017.t012
cancer	n	d001.s017.t013
diagnosis	n	d001.s017.t014
.	x	x
<eos>	x	x
bill	n	x
and	x	x
bonnie	n	x
quinlan	n	x
be	v	x
among	x	x
the	x	x
first	a	d001.s018.t000
beneficiary	n	d001.s018.t001
of	x	x
the	x	x
new	a	d001.s018.t002
finding	n	d001.s018.t003
.	x	x
<eos>	x	x
the	x	x
dedham	n	x
,	x	x
mas.	n	x
,	x	x
couple	n	d001.s019.t000
know	v	d001.s019.t001
even	r	d001.s019.t002
before	r	d001.s019.t003
bonnie	n	x
become	v	d001.s019.t004
pregnant	a	d001.s019.t005
in	x	x
1987	x	x
that	x	x
any	x	x
child	n	d001.s019.t006
of	x	x
theirs	x	x
have	v	x
a	x	x
50	x	x
%	x	x
chance	n	d001.s019.t007
of	x	x
be	v	x
at	x	x
risk	n	d001.s019.t008
for	x	x
retinoblastoma	n	d001.s019.t009
,	x	x
a	x	x
eye	n	d001.s019.t010
cancer	n	d001.s019.t011
that	x	x
occur	v	d001.s019.t012
about	r	d001.s019.t013
once	r	d001.s019.t014
every	x	x
20,000	x	x
birth	n	d001.s019.t015
.	x	x
<eos>	x	x
mr.	n	x
quinlan	n	x
,	x	x
30	x	x
year	n	x
old	a	x
,	x	x
know	v	d001.s020.t000
he	x	x
carry	v	d001.s020.t001
a	x	x
damaged	a	d001.s020.t002
gene	n	d001.s020.t003
,	x	x
have	v	x
lose	v	d001.s020.t004
a	x	x
eye	n	d001.s020.t005
to	x	x
the	x	x
rare	a	d001.s020.t006
tumor	n	d001.s020.t007
when	r	x
he	x	x
be	v	x
only	r	d001.s020.t008
two	x	x
month	n	x
old	a	x
--	x	x
after	x	x
he	x	x
mother	n	d001.s020.t009
have	v	x
suffer	v	d001.s020.t010
the	x	x
same	a	d001.s020.t011
fate	n	d001.s020.t012
when	r	x
she	x	x
be	v	x
a	x	x
baby	n	d001.s020.t013
.	x	x
<eos>	x	x
because	x	x
of	x	x
the	x	x
isolation	n	d001.s021.t000
of	x	x
the	x	x
retinoblastoma	n	d001.s021.t001
tumor-suppressor	a	x
gene	n	d001.s021.t002
,	x	x
it	x	x
become	v	d001.s021.t003
possible	a	d001.s021.t004
last	a	d001.s021.t005
january	n	d001.s021.t006
to	x	x
find_out	v	d001.s021.t007
what	x	x
threat	n	d001.s021.t008
the	x	x
quinlan	n	x
baby	n	d001.s021.t009
face	v	d001.s021.t010
.	x	x
<eos>	x	x
a	x	x
test	n	d001.s022.t000
use	v	d001.s022.t001
new	a	d001.s022.t002
``	x	x
genetic	a	d001.s022.t003
probe	n	x
``	x	x
show	v	d001.s022.t004
that	x	x
little	a	d001.s022.t005
will	n	x
quinlan	n	x
have	v	x
not	r	x
inherit	v	d001.s022.t006
a	x	x
damaged	a	d001.s022.t007
retinoblastoma	n	d001.s022.t008
suppressor_gene	n	d001.s022.t009
and	x	x
,	x	x
therefore	r	d001.s022.t010
,	x	x
face	v	d001.s022.t011
no	x	x
more	a	d001.s022.t012
risk	n	d001.s022.t013
than	x	x
other	a	d001.s022.t014
child	n	d001.s022.t015
of	x	x
develop	v	d001.s022.t016
the	x	x
rare	a	d001.s022.t017
cancer	n	d001.s022.t018
.	x	x
<eos>	x	x
``	x	x
it	x	x
make	v	d001.s023.t000
we	x	x
new_year	n	d001.s023.t001
,	x	x
``	x	x
say	v	d001.s023.t002
mr.	n	x
quinlan	n	x
.	x	x
<eos>	x	x
this	x	x
test	n	d001.s024.t000
be	v	x
the	x	x
first	a	d001.s024.t001
to	x	x
predict	v	d001.s024.t002
reliably	r	d001.s024.t003
whether	x	x
a	x	x
individual	n	d001.s024.t004
could	v	x
expect	v	d001.s024.t005
to	x	x
develop	v	d001.s024.t006
cancer	n	d001.s024.t007
.	x	x
<eos>	x	x
equally	r	d001.s025.t000
important	a	d001.s025.t001
,	x	x
the	x	x
initial	a	d001.s025.t002
discovery	n	d001.s025.t003
of	x	x
the	x	x
gene	n	d001.s025.t004
that	x	x
control	v	d001.s025.t005
retinal	a	d001.s025.t006
cell	n	d001.s025.t007
growth	n	d001.s025.t008
,	x	x
make	v	d001.s025.t009
by	x	x
a	x	x
boston	n	x
doctor	n	d001.s025.t010
name	v	d001.s025.t011
thaddeus	n	x
dryja	n	x
,	x	x
have	v	x
open	v	d001.s025.t012
a	x	x
field	n	d001.s025.t013
of	x	x
cancer	n	d001.s025.t014
study	n	d001.s025.t015
,	x	x
which	x	x
in	x	x
recent	a	d001.s025.t016
month	n	d001.s025.t017
have	v	x
explode	v	d001.s025.t018
.	x	x
<eos>	x	x
``	x	x
it	x	x
turn_out	v	d001.s026.t000
that	x	x
study	v	d001.s026.t001
a	x	x
tragic	a	d001.s026.t002
but	x	x
uncommon	a	d001.s026.t003
tumor	n	d001.s026.t004
make	v	d001.s026.t005
possible	a	d001.s026.t006
some	x	x
fundamental	a	d001.s026.t007
insight	n	d001.s026.t008
about	x	x
the	x	x
most	r	x
basic	a	d001.s026.t009
workings	n	x
of	x	x
cancer	n	d001.s026.t010
,	x	x
``	x	x
say	v	d001.s026.t011
samuel	n	x
broder	n	x
,	x	x
director	n	d001.s026.t012
of	x	x
the	x	x
national	n	x
cancer	n	x
institute	n	x
.	x	x
<eos>	x	x
``	x	x
all	x	x
this	x	x
may	v	x
not	r	x
be	v	x
obvious	a	d001.s027.t000
to	x	x
the	x	x
public	n	d001.s027.t001
,	x	x
which	x	x
be	v	x
concerned	a	d001.s027.t002
about	x	x
advance	n	d001.s027.t003
in	x	x
treatment	n	d001.s027.t004
,	x	x
but	x	x
I	x	x
be	v	x
convince	v	x
this	x	x
basic	a	d001.s027.t005
research	n	d001.s027.t006
will	v	x
begin	v	d001.s027.t007
show	v	d001.s027.t008
result	n	d001.s027.t009
there	r	d001.s027.t010
soon	r	d001.s027.t011
.	x	x
``	x	x
<eos>	x	x
to_date	r	d001.s028.t000
,	x	x
scientist	n	d001.s028.t001
have	v	x
finger	v	x
two	x	x
of	x	x
these	x	x
cancer-suppressor	n	x
.	x	x
<eos>	x	x
dr.	n	x
dryja	n	x
make	v	d001.s029.t000
he	x	x
retinoblastoma	n	d001.s029.t001
discovery	n	d001.s029.t002
in	x	x
1986	x	x
.	x	x
<eos>	x	x
then	r	d001.s030.t000
last	a	d001.s030.t001
spring	n	d001.s030.t002
,	x	x
researcher	n	d001.s030.t003
report	v	d001.s030.t004
find	v	d001.s030.t005
a	x	x
gene	n	d001.s030.t006
call	v	d001.s030.t007
p53	n	x
which	x	x
,	x	x
if	x	x
impair	v	d001.s030.t008
,	x	x
turn	v	d001.s030.t009
healthy	a	d001.s030.t010
colon	n	d001.s030.t011
cell	n	d001.s030.t012
cancerous	a	d001.s030.t013
.	x	x
<eos>	x	x
soon	r	d001.s031.t000
after	x	x
that	x	x
report	n	d001.s031.t001
,	x	x
two	x	x
other	a	d001.s031.t002
research	n	d001.s031.t003
team	n	d001.s031.t004
uncover	v	x
evidence	n	d001.s031.t005
that	x	x
the	x	x
same	a	d001.s031.t006
damaged	a	d001.s031.t007
p53	n	x
gene	n	d001.s031.t008
be	v	x
present	a	d001.s031.t009
in	x	x
tissue	n	d001.s031.t010
from	x	x
lung	n	d001.s031.t011
and	x	x
breast	n	d001.s031.t012
cancer	n	d001.s031.t013
.	x	x
<eos>	x	x
colon	n	d001.s032.t000
,	x	x
lung	n	d001.s032.t001
and	x	x
breast	n	d001.s032.t002
cancer	n	d001.s032.t003
be	v	x
the	x	x
most	r	d001.s032.t004
common	a	d001.s032.t005
and	x	x
lethal	a	d001.s032.t006
form	n	d001.s032.t007
of	x	x
the	x	x
disease	n	d001.s032.t008
,	x	x
collectively	r	d001.s032.t009
kill	v	d001.s032.t010
almost	r	d001.s032.t011
200,000	x	x
american	n	d001.s032.t012
a	x	x
year	n	d001.s032.t013
.	x	x
<eos>	x	x
right	r	d001.s033.t000
now	r	d001.s033.t001
about	r	d001.s033.t002
a	x	x
dozen	n	d001.s033.t003
laboratory	n	d001.s033.t004
,	x	x
in	x	x
the	x	x
u.s.	n	d001.s033.t005
,	x	x
canada	n	d001.s033.t006
and	x	x
britain	n	d001.s033.t007
,	x	x
be	v	x
race	v	d001.s033.t008
to	x	x
unmask	v	x
other	a	d001.s033.t009
suspected	a	x
tumor-suppressing	a	x
gene	n	d001.s033.t010
.	x	x
<eos>	x	x
they	x	x
have	v	x
about	r	d001.s034.t000
seven	x	x
candidate	n	x
.	x	x
<eos>	x	x
researcher	n	d001.s035.t000
say	v	d001.s035.t001
the	x	x
inactivation	n	x
of	x	x
tumor-suppressor	a	x
gene	n	d001.s035.t002
,	x	x
alone	r	d001.s035.t003
or	x	x
in	x	x
combination	n	d001.s035.t004
,	x	x
appear	v	d001.s035.t005
crucial	a	d001.s035.t006
to	x	x
the	x	x
development	n	d001.s035.t007
of	x	x
such	a	d001.s035.t008
scourge	n	d001.s035.t009
as	x	x
cancer	n	d001.s035.t010
of	x	x
the	x	x
brain	n	d001.s035.t011
,	x	x
the	x	x
skin	n	d001.s035.t012
,	x	x
kidney	n	d001.s035.t013
,	x	x
prostate	n	d001.s035.t014
,	x	x
and	x	x
cervix	n	d001.s035.t015
.	x	x
<eos>	x	x
there	x	x
be	v	x
evidence	n	d001.s036.t000
that	x	x
if	x	x
people	n	d001.s036.t001
inherit	v	d001.s036.t002
defective	a	d001.s036.t003
version	n	d001.s036.t004
of	x	x
these	x	x
gene	n	d001.s036.t005
,	x	x
they	x	x
be	v	x
especially	r	d001.s036.t006
prone	a	x
to	x	x
cancer	n	d001.s036.t007
,	x	x
perhaps	r	d001.s036.t008
explain	v	d001.s036.t009
,	x	x
finally	r	d001.s036.t010
,	x	x
why	r	x
some	x	x
cancer	n	d001.s036.t011
seem	v	d001.s036.t012
to	x	x
haunt	v	d001.s036.t013
certain	a	d001.s036.t014
family	n	d001.s036.t015
.	x	x
<eos>	x	x
the	x	x
story	n	d001.s037.t000
of	x	x
tumor-suppressor	a	x
gene	n	d001.s037.t001
go_back	v	d001.s037.t002
to	x	x
the	x	x
1970s	n	d001.s037.t003
,	x	x
when	r	x
a	x	x
pediatrician	n	d001.s037.t004
name	v	d001.s037.t005
alfred	n	x
g.	n	x
knudson	n	x
jr.	n	x
propose	v	d001.s037.t006
that	x	x
retinoblastoma	n	d001.s037.t007
stem	v	d001.s037.t008
from	x	x
two	x	x
separate	a	d001.s037.t009
genetic	a	d001.s037.t010
defect	n	d001.s037.t011
.	x	x
<eos>	x	x
he	x	x
theorize	v	d001.s038.t000
that	x	x
in	x	x
the	x	x
eye	n	d001.s038.t001
cancer	n	d001.s038.t002
,	x	x
a	x	x
infant	n	d001.s038.t003
inherit	v	d001.s038.t004
a	x	x
damaged	a	d001.s038.t005
copy	n	d001.s038.t006
of	x	x
a	x	x
gene	n	d001.s038.t007
from	x	x
one	x	x
parent	n	d001.s038.t008
and	x	x
a	x	x
normal	a	d001.s038.t009
copy	n	d001.s038.t010
from	x	x
the	x	x
other	a	x
.	x	x
<eos>	x	x
the	x	x
tumor	n	d001.s039.t000
,	x	x
he	x	x
suggest	v	d001.s039.t001
,	x	x
develop	v	d001.s039.t002
when	r	x
the	x	x
second	a	d001.s039.t003
,	x	x
normal	a	d001.s039.t004
copy	n	d001.s039.t005
also	r	d001.s039.t006
be	v	x
damage	v	d001.s039.t007
.	x	x
<eos>	x	x
but	x	x
there	x	x
be	v	x
no	x	x
way	n	d001.s040.t000
to	x	x
prove	v	d001.s040.t001
dr.	n	x
knudson	n	x
's	x	x
``	x	x
two-hit	a	x
``	x	x
theory	n	d001.s040.t002
.	x	x
<eos>	x	x
back	r	d001.s041.t000
then	r	d001.s041.t001
,	x	x
scientist	n	d001.s041.t002
have	v	x
no	x	x
way	n	d001.s041.t003
of	x	x
ferret_out	v	d001.s041.t004
specific	a	d001.s041.t005
gene	n	d001.s041.t006
,	x	x
but	x	x
under	x	x
a	x	x
microscope	n	d001.s041.t007
they	x	x
could	v	x
see	v	d001.s041.t008
the	x	x
23	x	x
pair	n	d001.s041.t009
of	x	x
chromosome	n	d001.s041.t010
in	x	x
the	x	x
cell	n	d001.s041.t011
that	x	x
contain	v	d001.s041.t012
the	x	x
gene	n	d001.s041.t013
.	x	x
<eos>	x	x
occasionally	r	d001.s042.t000
,	x	x
gross	a	d001.s042.t001
chromosome	n	d001.s042.t002
damage	n	d001.s042.t003
be	v	x
visible	a	d001.s042.t004
.	x	x
<eos>	x	x
dr.	n	x
knudson	n	x
find	v	d001.s043.t000
that	x	x
some	x	x
child	n	d001.s043.t001
with	x	x
the	x	x
eye	n	d001.s043.t002
cancer	n	d001.s043.t003
have	v	x
inherit	v	d001.s043.t004
a	x	x
damaged	a	d001.s043.t005
copy	n	d001.s043.t006
of	x	x
chromosome	n	d001.s043.t007
no.	n	d001.s043.t008
13	x	x
from	x	x
a	x	x
parent	n	d001.s043.t009
who	x	x
have	v	x
have	v	x
the	x	x
disease	n	d001.s043.t010
.	x	x
<eos>	x	x
under	x	x
a	x	x
microscope	n	d001.s044.t000
he	x	x
could	v	x
actually	r	d001.s044.t001
see	v	d001.s044.t002
that	x	x
a	x	x
bit	n	d001.s044.t003
of	x	x
chromosome	n	d001.s044.t004
13	x	x
be	v	x
miss	v	d001.s044.t005
.	x	x
<eos>	x	x
he	x	x
assume	v	d001.s045.t000
the	x	x
miss	v	d001.s045.t001
piece	n	d001.s045.t002
contain	v	d001.s045.t003
a	x	x
gene	n	d001.s045.t004
or	x	x
gene	n	d001.s045.t005
whose	x	x
loss	n	d001.s045.t006
have	v	x
a	x	x
critical	a	d001.s045.t007
role	n	d001.s045.t008
in	x	x
set_off	v	d001.s045.t009
the	x	x
cancer	n	d001.s045.t010
.	x	x
<eos>	x	x
but	x	x
he	x	x
do	v	x
not	r	x
know	v	d001.s046.t000
which	x	x
gene	n	d001.s046.t001
or	x	x
gene	n	d001.s046.t002
have	v	x
disappear	v	x
.	x	x
<eos>	x	x
then	r	d001.s047.t000
,	x	x
a	x	x
scientific	a	d001.s047.t001
team	n	d001.s047.t002
lead	v	d001.s047.t003
by	x	x
molecular	a	d001.s047.t004
geneticist	n	d001.s047.t005
webster	n	x
cavenee	n	x
,	x	x
then	r	d001.s047.t006
at	x	x
the	x	x
university	n	x
of	x	x
utah	n	x
,	x	x
find	v	d001.s047.t007
the	x	x
answer	n	d001.s047.t008
.	x	x
<eos>	x	x
the	x	x
team	n	d001.s048.t000
use	v	d001.s048.t001
a	x	x
battery	n	d001.s048.t002
of	x	x
the	x	x
newly	r	d001.s048.t003
develop	v	d001.s048.t004
``	x	x
gene	n	d001.s048.t005
probe	n	x
,	x	x
``	x	x
snippet	n	d001.s048.t006
of	x	x
genetic	a	d001.s048.t007
material	n	d001.s048.t008
that	x	x
can	v	x
track	v	d001.s048.t009
a	x	x
gene	n	d001.s048.t010
's	x	x
presence	n	d001.s048.t011
in	x	x
a	x	x
cell	n	d001.s048.t012
.	x	x
<eos>	x	x
by	x	x
analyze	v	d001.s049.t000
cell	n	d001.s049.t001
extract	v	d001.s049.t002
from	x	x
eye	n	d001.s049.t003
tumor	n	d001.s049.t004
,	x	x
they	x	x
find	v	d001.s049.t005
defect	n	d001.s049.t006
in	x	x
the	x	x
second	a	d001.s049.t007
copy	n	d001.s049.t008
of	x	x
chromosome	n	d001.s049.t009
13	x	x
in	x	x
the	x	x
exact	a	d001.s049.t010
area	n	d001.s049.t011
as	x	x
in	x	x
the	x	x
first	a	d001.s049.t012
copy	n	d001.s049.t013
of	x	x
the	x	x
chromosome	n	d001.s049.t014
.	x	x
<eos>	x	x
the	x	x
finding	n	d001.s050.t000
rivet	v	x
medicine	n	d001.s050.t001
.	x	x
<eos>	x	x
it	x	x
be	v	x
the	x	x
first	a	d001.s051.t000
time	n	d001.s051.t001
anyone	n	x
have	v	x
show	v	d001.s051.t002
that	x	x
the	x	x
loss	n	d001.s051.t003
of	x	x
both	x	x
copy	n	d001.s051.t004
of	x	x
the	x	x
same	a	d001.s051.t005
gene	n	d001.s051.t006
could	v	x
lead	v	d001.s051.t007
to	x	x
the	x	x
eruption	n	d001.s051.t008
of	x	x
a	x	x
cancer	n	d001.s051.t009
.	x	x
<eos>	x	x
``	x	x
it	x	x
be	v	x
extraordinarily	r	d001.s052.t000
satisfying	a	d001.s052.t001
,	x	x
``	x	x
say	v	d001.s052.t002
dr.	n	x
knudson	n	x
,	x	x
now	r	d001.s052.t003
at	x	x
fox	n	x
chase	n	x
cancer	n	x
research	n	x
center	n	x
in	x	x
philadelphium	n	x
.	x	x
<eos>	x	x
``	x	x
I	x	x
be	v	x
convince	v	x
that	x	x
what	x	x
be	v	x
true	a	d001.s053.t000
of	x	x
retinoblastoma	n	d001.s053.t001
would	v	x
be	v	x
true	a	d001.s053.t002
for	x	x
all	x	x
cancer	n	d001.s053.t003
.	x	x
``	x	x
<eos>	x	x
it	x	x
be	v	x
a	x	x
audacious	a	d001.s054.t000
claim	n	d001.s054.t001
.	x	x
<eos>	x	x
but	x	x
in	x	x
baltimore	n	x
,	x	x
dr.	n	x
vogelstein	n	x
,	x	x
a	x	x
young	a	d001.s055.t000
molecular	a	d001.s055.t001
biologist	n	d001.s055.t002
at	x	x
john	n	x
hopkin	n	x
medical	n	x
school	n	x
,	x	x
believe	v	d001.s055.t003
dr.	n	x
knudson	n	x
be	v	x
right	a	d001.s055.t004
,	x	x
and	x	x
set_out	v	d001.s055.t005
to	x	x
repeat	v	d001.s055.t006
the	x	x
cavenee	n	x
experiment	n	d001.s055.t007
in	x	x
cell	n	d001.s055.t008
from	x	x
other	a	d001.s055.t009
cancer	n	d001.s055.t010
.	x	x
<eos>	x	x
he	x	x
be	v	x
one	x	x
of	x	x
two	x	x
research	n	d001.s056.t000
team	n	d001.s056.t001
in	x	x
1984	x	x
to	x	x
report	v	d001.s056.t002
dual	a	d001.s056.t003
chromosome	n	d001.s056.t004
loss	n	d001.s056.t005
for	x	x
a	x	x
rare	a	d001.s056.t006
childhood	n	d001.s056.t007
cancer	n	d001.s056.t008
of	x	x
the	x	x
kidney	n	d001.s056.t009
call	v	d001.s056.t010
wilm	n	x
's	x	x
tumor	n	d001.s056.t011
.	x	x
<eos>	x	x
dr.	n	x
vogelstein	n	x
next	r	d001.s057.t000
turn_to	v	d001.s057.t001
he	x	x
attention	n	d001.s057.t002
colon	n	d001.s057.t003
cancer	n	d001.s057.t004
,	x	x
the	x	x
second	a	d001.s057.t005
big	a	d001.s057.t006
cancer	n	d001.s057.t007
killer	n	d001.s057.t008
in	x	x
the	x	x
u.s.	n	d001.s057.t009
after	x	x
lung	n	d001.s057.t010
cancer	n	d001.s057.t011
.	x	x
<eos>	x	x
he	x	x
believe	v	d001.s058.t000
colon	n	d001.s058.t001
cancer	n	d001.s058.t002
might	v	x
also	r	d001.s058.t003
arise	v	d001.s058.t004
from	x	x
multiple	a	d001.s058.t005
``	x	x
hit	n	x
``	x	x
on	x	x
cancer	n	d001.s058.t006
suppressor_gene	n	d001.s058.t007
,	x	x
because	x	x
it	x	x
often	r	d001.s058.t008
seem	v	d001.s058.t009
to	x	x
develop	v	d001.s058.t010
in	x	x
stage	n	d001.s058.t011
.	x	x
<eos>	x	x
it	x	x
often	r	d001.s059.t000
be	v	x
precede	v	d001.s059.t001
by	x	x
the	x	x
development	n	d001.s059.t002
of	x	x
polyp	n	d001.s059.t003
in	x	x
the	x	x
bowel	n	d001.s059.t004
,	x	x
which	x	x
in	x	x
some	x	x
case	n	d001.s059.t005
become	v	d001.s059.t006
increasingly	r	d001.s059.t007
malignant	a	d001.s059.t008
in	x	x
identifiable	a	d001.s059.t009
stage	n	d001.s059.t010
--	x	x
progress	v	d001.s059.t011
from	x	x
less	r	d001.s059.t012
severe	a	d001.s059.t013
to	x	x
deadly	a	d001.s059.t014
--	x	x
as	x	x
though	x	x
a	x	x
cascade	n	x
of	x	x
genetic	a	d001.s059.t015
damage	n	d001.s059.t016
might	v	x
be	v	x
occur	v	d001.s059.t017
.	x	x
<eos>	x	x
dr.	n	x
vogelstein	n	x
and	x	x
a	x	x
doctoral	a	d001.s060.t000
student	n	d001.s060.t001
,	x	x
eric	n	x
fearon	n	x
,	x	x
begin	v	d001.s060.t002
month	n	d001.s060.t003
of	x	x
tedious	a	d001.s060.t004
and	x	x
often	r	d001.s060.t005
frustrating	a	d001.s060.t006
probe	v	d001.s060.t007
of	x	x
the	x	x
chromosome	n	d001.s060.t008
search	v	d001.s060.t009
for	x	x
sign	n	d001.s060.t010
of	x	x
genetic	a	d001.s060.t011
damage	n	d001.s060.t012
.	x	x
<eos>	x	x
they	x	x
begin	v	d001.s061.t000
uncover	v	x
a	x	x
confusing	a	d001.s061.t001
variety	n	d001.s061.t002
of	x	x
genetic	a	d001.s061.t003
deletion	n	x
,	x	x
some	x	x
exist	v	d001.s061.t004
only	r	d001.s061.t005
in	x	x
benign	a	x
polyp	n	d001.s061.t006
,	x	x
other	n	x
in	x	x
malignant	a	d001.s061.t007
cell	n	d001.s061.t008
and	x	x
many	a	d001.s061.t009
in	x	x
both	x	x
polyp	n	d001.s061.t010
and	x	x
malignant	a	d001.s061.t011
cell	n	d001.s061.t012
.	x	x
<eos>	x	x
gradually	r	d001.s062.t000
,	x	x
a	x	x
coherent	a	d001.s062.t001
picture	n	d001.s062.t002
of	x	x
cancer	n	d001.s062.t003
development	n	d001.s062.t004
emerge	v	d001.s062.t005
.	x	x
<eos>	x	x
if	x	x
both	x	x
copy	n	d001.s063.t000
of	x	x
a	x	x
certain	a	d001.s063.t001
gene	n	d001.s063.t002
be	v	x
knock_out	v	d001.s063.t003
,	x	x
benign	a	x
polyp	n	d001.s063.t004
would	v	x
develop	v	d001.s063.t005
.	x	x
<eos>	x	x
if	x	x
both	x	x
copy	n	d001.s064.t000
of	x	x
a	x	x
second	a	d001.s064.t001
gene	n	d001.s064.t002
be	v	x
then	r	d001.s064.t003
delete	v	d001.s064.t004
,	x	x
the	x	x
polyp	n	d001.s064.t005
would	v	x
progress	v	d001.s064.t006
to	x	x
malignancy	n	d001.s064.t007
.	x	x
<eos>	x	x
it	x	x
be	v	x
clear	a	d001.s065.t000
that	x	x
more	a	d001.s065.t001
than	x	x
one	x	x
gene	n	d001.s065.t002
have	v	x
to	x	x
be	v	x
damage	v	d001.s065.t003
for	x	x
colon	n	d001.s065.t004
cancer	n	d001.s065.t005
to	x	x
develop	v	d001.s065.t006
.	x	x
<eos>	x	x
they	x	x
report	n	d001.s066.t000
galvanize	v	d001.s066.t001
other	a	d001.s066.t002
molecular	a	d001.s066.t003
biologist	n	d001.s066.t004
.	x	x
<eos>	x	x
``	x	x
it	x	x
be	v	x
the	x	x
confirm	v	d001.s067.t000
evidence	n	d001.s067.t001
we	x	x
all	x	x
need	v	d001.s067.t002
that	x	x
gene	n	d001.s067.t003
loss	n	d001.s067.t004
be	v	x
critical	a	d001.s067.t005
to	x	x
the	x	x
development	n	d001.s067.t006
of	x	x
a	x	x
common	a	d001.s067.t007
tumor	n	d001.s067.t008
,	x	x
``	x	x
say	v	d001.s067.t009
ray	n	x
white	n	x
at	x	x
howard	n	x
hughe	n	x
medical	n	x
institute	n	x
in	x	x
salt	n	x
lake	n	x
city	n	x
.	x	x
<eos>	x	x
but	x	x
dr.	n	x
vogelstein	n	x
have	v	x
yet	r	d001.s068.t000
to	x	x
nail	v	d001.s068.t001
the	x	x
identity	n	d001.s068.t002
of	x	x
the	x	x
gene	n	d001.s068.t003
that	x	x
,	x	x
if	x	x
damage	v	d001.s068.t004
,	x	x
flip	v	d001.s068.t005
a	x	x
colon	n	d001.s068.t006
cell	n	d001.s068.t007
into	x	x
full-blown	a	d001.s068.t008
malignancy	n	d001.s068.t009
.	x	x
<eos>	x	x
they	x	x
focus_on	v	d001.s069.t000
chromosome	n	d001.s069.t001
17	x	x
.	x	x
<eos>	x	x
for	x	x
month	n	d001.s070.t000
the	x	x
john	n	x
hopkin	n	x
researcher	n	d001.s070.t001
,	x	x
use	v	d001.s070.t002
gene	n	d001.s070.t003
probe	n	x
,	x	x
experimentally	r	d001.s070.t004
crawl	v	x
down	r	d001.s070.t005
the	x	x
length	n	d001.s070.t006
of	x	x
chromosome	n	d001.s070.t007
17	x	x
,	x	x
look	v	d001.s070.t008
for	x	x
the	x	x
smallest	a	x
common	a	d001.s070.t009
bit	n	d001.s070.t010
of	x	x
genetic	a	d001.s070.t011
material	n	d001.s070.t012
lose	v	d001.s070.t013
in	x	x
all	x	x
tumor	n	d001.s070.t014
cell	n	d001.s070.t015
.	x	x
<eos>	x	x
such	a	x
a	x	x
piece	n	d001.s071.t000
of	x	x
dna	n	d001.s071.t001
would	v	x
probably	r	d001.s071.t002
constitute	v	d001.s071.t003
a	x	x
gene	n	d001.s071.t004
.	x	x
<eos>	x	x
when	r	x
they	x	x
find	v	d001.s072.t000
it	x	x
last	a	d001.s072.t001
winter	n	d001.s072.t002
,	x	x
dr.	n	x
vogelstein	n	x
be	v	x
dubious	a	d001.s072.t003
that	x	x
the	x	x
search	n	d001.s072.t004
be	v	x
over	a	d001.s072.t005
.	x	x
<eos>	x	x
he	x	x
doubt	n	d001.s073.t000
stem	v	d001.s073.t001
from	x	x
the	x	x
fact	n	d001.s073.t002
that	x	x
several	a	d001.s073.t003
year	n	d001.s073.t004
earlier	r	d001.s073.t005
a	x	x
princeton	n	x
university	n	x
researcher	n	d001.s073.t006
,	x	x
arnold	n	x
levine	n	x
,	x	x
have	v	x
find	v	d001.s073.t007
in	x	x
experiment	n	d001.s073.t008
with	x	x
mouse	n	d001.s073.t009
that	x	x
a	x	x
gene	n	d001.s073.t010
call	v	d001.s073.t011
p53	n	x
could	v	x
transform	v	d001.s073.t012
normal	a	d001.s073.t013
cell	n	d001.s073.t014
into	x	x
cancerous	a	d001.s073.t015
one	n	d001.s073.t016
.	x	x
<eos>	x	x
the	x	x
deletion	n	x
dr.	n	x
vogelstein	n	x
find	v	d001.s074.t000
be	v	x
in	x	x
exactly	r	d001.s074.t001
the	x	x
same	a	d001.s074.t002
spot	n	d001.s074.t003
as	x	x
p53	n	x
.	x	x
<eos>	x	x
but	x	x
mr.	n	x
levine	n	x
have	v	x
say	v	d001.s075.t000
the	x	x
p53	n	x
gene	n	d001.s075.t001
cause	v	d001.s075.t002
cancer	n	d001.s075.t003
by	x	x
promote	v	d001.s075.t004
growth	n	d001.s075.t005
,	x	x
whereas	x	x
the	x	x
john	n	x
hopkin	n	x
scientist	n	d001.s075.t006
be	v	x
look	v	d001.s075.t007
for	x	x
a	x	x
gene	n	d001.s075.t008
that	x	x
suppress	v	d001.s075.t009
growth	n	d001.s075.t010
.	x	x
<eos>	x	x
despite	x	x
that	x	x
,	x	x
when	r	x
the	x	x
john	n	x
hopkin	n	x
scientist	n	d001.s076.t000
compare	v	d001.s076.t001
the	x	x
gene	n	d001.s076.t002
they	x	x
have	v	x
find	v	d001.s076.t003
in	x	x
the	x	x
human	a	d001.s076.t004
cancer	n	d001.s076.t005
cell	n	d001.s076.t006
with	x	x
the	x	x
mr.	n	x
levine	n	x
's	x	x
p53	n	x
gene	n	d001.s076.t007
they	x	x
find	v	d001.s076.t008
the	x	x
two	x	x
be	v	x
identical	a	d001.s076.t009
;	x	x
it	x	x
turn_out	v	d001.s076.t010
that	x	x
in	x	x
mr.	n	x
levine	n	x
's	x	x
cancer	n	d001.s076.t011
study	n	d001.s076.t012
,	x	x
he	x	x
have	v	x
unknowingly	r	d001.s076.t013
be	v	x
observe	v	d001.s076.t014
a	x	x
damaged	a	d001.s076.t015
form	n	d001.s076.t016
of	x	x
p53	n	x
--	x	x
a	x	x
cancer-suppressing	a	x
gene	n	d001.s076.t017
.	x	x
<eos>	x	x
the	x	x
discovery	n	d001.s077.t000
``	x	x
suddenly	r	d001.s077.t001
put	v	d001.s077.t002
a	x	x
obscure	a	d001.s077.t003
gene	n	d001.s077.t004
right	a	d001.s077.t005
in	x	x
the	x	x
cockpit	n	x
of	x	x
cancer	n	d001.s077.t006
formation	n	d001.s077.t007
,	x	x
``	x	x
say	v	d001.s077.t008
robert	n	x
weinberg	n	x
,	x	x
a	x	x
leader	n	d001.s077.t009
in	x	x
cancer-gene	a	x
research	n	d001.s077.t010
at	x	x
whitehead	n	x
institute	n	x
in	x	x
cambridge	n	x
,	x	x
mass	n	x
.	x	x
<eos>	x	x
evidence	n	d001.s078.t000
now	r	d001.s078.t001
be	v	x
emerge	v	d001.s078.t002
that	x	x
the	x	x
p53	n	x
suppressor_gene	n	d001.s078.t003
be	v	x
involve	v	d001.s078.t004
in	x	x
other	a	d001.s078.t005
cancer	n	d001.s078.t006
,	x	x
too	r	d001.s078.t007
.	x	x
<eos>	x	x
researcher	n	d001.s079.t000
in	x	x
edinburgh	n	x
,	x	x
scotland	n	x
,	x	x
have	v	x
find	v	d001.s079.t001
that	x	x
in	x	x
23	x	x
of	x	x
38	x	x
breast	n	d001.s079.t002
tumor	n	d001.s079.t003
,	x	x
one	x	x
copy	n	d001.s079.t004
of	x	x
chromosome	n	d001.s079.t005
17	x	x
be	v	x
mutate	v	d001.s079.t006
at	x	x
the	x	x
spot	n	d001.s079.t007
where	r	x
gene	n	d001.s079.t008
p53	n	x
lie	v	x
.	x	x
<eos>	x	x
the	x	x
scientist	n	d001.s080.t000
say	v	d001.s080.t001
that	x	x
since	x	x
breast	n	d001.s080.t002
cancer	n	d001.s080.t003
often	r	d001.s080.t004
strike	v	d001.s080.t005
multiple	a	d001.s080.t006
member	n	d001.s080.t007
of	x	x
certain	a	d001.s080.t008
family	n	d001.s080.t009
,	x	x
the	x	x
gene	n	d001.s080.t010
,	x	x
when	r	x
inherit	v	d001.s080.t011
in	x	x
a	x	x
damaged	a	d001.s080.t012
form	n	d001.s080.t013
,	x	x
may	v	x
predispose	v	x
woman	n	d001.s080.t014
to	x	x
the	x	x
cancer	n	d001.s080.t015
.	x	x
<eos>	x	x
the	x	x
p53	n	x
gene	n	d001.s081.t000
have	v	x
just	r	d001.s081.t001
be	v	x
implicate	v	d001.s081.t002
in	x	x
lung	n	d001.s081.t003
cancer	n	d001.s081.t004
.	x	x
<eos>	x	x
in	x	x
a	x	x
report	n	d001.s082.t000
out	x	x
last	a	d001.s082.t001
week	n	d001.s082.t002
,	x	x
john	n	x
minna	n	x
and	x	x
colleague	n	d001.s082.t003
at	x	x
the	x	x
national	n	x
cancer	n	x
institute	n	x
say	v	d001.s082.t004
that	x	x
about	r	d001.s082.t005
half	x	x
the	x	x
cell	n	d001.s082.t006
take	v	d001.s082.t007
from	x	x
lung	n	d001.s082.t008
cancer	n	d001.s082.t009
tissue	n	d001.s082.t010
they	x	x
test	v	d001.s082.t011
be	v	x
miss	v	d001.s082.t012
this	x	x
gene	n	d001.s082.t013
.	x	x
<eos>	x	x
there	x	x
also	r	x
be	v	x
report	n	d001.s083.t000
from	x	x
several	a	x
lab	n	d001.s083.t001
,	x	x
as	r	d001.s083.t002
yet	r	d001.s083.t003
unpublished	a	d001.s083.t004
,	x	x
of	x	x
miss	v	d001.s083.t005
p53	n	x
gene	n	d001.s083.t006
in	x	x
tissue	n	d001.s083.t007
take	v	d001.s083.t008
from	x	x
kidney	n	d001.s083.t009
,	x	x
brain	n	d001.s083.t010
and	x	x
skin	n	d001.s083.t011
cancer	n	d001.s083.t012
.	x	x
<eos>	x	x
at_the_same_time	r	d001.s084.t000
,	x	x
the	x	x
john	n	x
hopkin	n	x
team	n	d001.s084.t001
and	x	x
other	n	x
be	v	x
rush	v	d001.s084.t002
to	x	x
pinpoint	v	x
other	a	d001.s084.t003
tumor-suppressor	a	x
gene	n	d001.s084.t004
.	x	x
<eos>	x	x
dr.	n	x
vogelstein	n	x
hope	v	d001.s085.t000
soon	r	d001.s085.t001
to	x	x
isolate	v	x
one	x	x
on	x	x
chromosome	n	d001.s085.t002
18	x	x
,	x	x
also	r	d001.s085.t003
involve	v	d001.s085.t004
in	x	x
colon	n	d001.s085.t005
cancer	n	d001.s085.t006
.	x	x
<eos>	x	x
ray	n	x
white	n	x
in	x	x
utah	n	x
and	x	x
walter	n	x
bodmer	n	x
,	x	x
a	x	x
researcher	n	d001.s086.t000
in	x	x
great	n	x
britain	n	x
,	x	x
be	v	x
close	a	d001.s086.t001
to	x	x
find	v	d001.s086.t002
another	x	x
gene	n	d001.s086.t003
involve	v	d001.s086.t004
with	x	x
some	x	x
type	n	d001.s086.t005
of	x	x
colon	n	d001.s086.t006
cancer	n	d001.s086.t007
,	x	x
think	v	d001.s086.t008
to	x	x
be	v	x
on	x	x
chromosome	n	d001.s086.t009
5	x	x
.	x	x
<eos>	x	x
dr.	n	x
minna	n	x
believe	v	d001.s087.t000
people	n	d001.s087.t001
who	x	x
inherit	v	d001.s087.t002
a	x	x
defective	a	d001.s087.t003
gene	n	d001.s087.t004
somewhere	r	d001.s087.t005
on	x	x
one	x	x
of	x	x
they	x	x
two	x	x
copy	n	d001.s087.t006
of	x	x
chromosome	n	d001.s087.t007
3	x	x
be	v	x
especially	r	d001.s087.t008
prone	a	x
to	x	x
lung	n	d001.s087.t009
cancer	n	d001.s087.t010
.	x	x
<eos>	x	x
recently	r	d001.s088.t000
,	x	x
he	x	x
and	x	x
other	n	x
report	v	d001.s088.t001
that	x	x
the	x	x
retinoblastoma	n	d001.s088.t002
suppressor_gene	n	d001.s088.t003
may	v	x
also	r	d001.s088.t004
be	v	x
involve	v	d001.s088.t005
in	x	x
some	x	x
lung	n	d001.s088.t006
cancer	n	d001.s088.t007
,	x	x
as	r	x
well	r	x
as	x	x
several	a	x
other	a	d001.s088.t008
more	r	d001.s088.t009
common	a	d001.s088.t010
cancer	n	d001.s088.t011
,	x	x
too	r	x
.	x	x
<eos>	x	x
where	r	x
these	x	x
discovery	n	d001.s089.t000
will	v	x
lead	v	d001.s089.t001
,	x	x
scientist	n	d001.s089.t002
can	v	x
only	r	d001.s089.t003
speculate	v	d001.s089.t004
.	x	x
<eos>	x	x
already	r	d001.s090.t000
two	x	x
major	a	d001.s090.t001
pharmaceutical	a	d001.s090.t002
company	n	d001.s090.t003
,	x	x
the	x	x
squibb	n	x
unit	n	d001.s090.t004
of	x	x
bristol-myer	n	x
squibb	n	x
co.	n	x
and	x	x
hoffmann-la	n	x
roche	n	x
inc.	n	x
,	x	x
be	v	x
collaborate	v	d001.s090.t005
with	x	x
gene	n	d001.s090.t006
hunter	n	d001.s090.t007
to	x	x
turn	v	d001.s090.t008
the	x	x
anticipated	a	d001.s090.t009
cascade	n	x
of	x	x
discovery	n	d001.s090.t010
into	x	x
predictive	a	d001.s090.t011
test	n	d001.s090.t012
and	x	x
,	x	x
maybe	r	d001.s090.t013
,	x	x
new	a	d001.s090.t014
therapy	n	d001.s090.t015
.	x	x
<eos>	x	x
some	x	x
researcher	n	d001.s091.t000
say	v	d001.s091.t001
new	a	d001.s091.t002
cancer	n	d001.s091.t003
drug	n	d001.s091.t004
to	x	x
slow	v	d001.s091.t005
or	x	x
reverse	v	d001.s091.t006
tumor	n	d001.s091.t007
growth	n	d001.s091.t008
may	v	x
be	v	x
base	v	d001.s091.t009
on	x	x
the	x	x
suppressor	n	x
protein	n	d001.s091.t010
normally	r	d001.s091.t011
produce	v	d001.s091.t012
by	x	x
the	x	x
gene	n	d001.s091.t013
.	x	x
<eos>	x	x
the	x	x
idea	n	d001.s092.t000
would	v	x
be	v	x
to	x	x
administer	v	d001.s092.t001
to	x	x
patient	n	d001.s092.t002
the	x	x
growth-controlling	a	x
protein	n	d001.s092.t003
make	v	d001.s092.t004
by	x	x
healthy	a	d001.s092.t005
version	n	d001.s092.t006
of	x	x
the	x	x
damaged	a	d001.s092.t007
gene	n	d001.s092.t008
.	x	x
<eos>	x	x
it	x	x
may	v	x
even	r	x
be	v	x
possible	a	d001.s093.t000
to	x	x
replace	v	d001.s093.t001
defective	a	d001.s093.t002
gene	n	d001.s093.t003
with	x	x
healthy	a	d001.s093.t004
version	n	d001.s093.t005
,	x	x
though	x	x
no	x	x
one	n	x
have	v	x
come_close	v	d001.s093.t006
to	x	x
do	v	x
that	x	x
so	r	x
far	r	x
.	x	x
<eos>	x	x
in_any_case	r	d001.s094.t000
,	x	x
say	v	d001.s094.t001
dr.	n	x
minna	n	x
of	x	x
the	x	x
national	n	x
cancer	n	x
institute	n	x
,	x	x
``	x	x
we	x	x
be	v	x
witness	v	d001.s094.t002
the	x	x
discovery	n	d001.s094.t003
of	x	x
one	x	x
of	x	x
the	x	x
most	r	d001.s094.t004
important	a	d001.s094.t005
step	n	d001.s094.t006
in	x	x
the	x	x
genesis	n	d001.s094.t007
of	x	x
cancer	n	d001.s094.t008
.	x	x
<eos>	x	x
why	r	x
ca	v	x
not	r	x
we	x	x
teach	v	d002.s000.t000
we	x	x
child	n	d002.s000.t001
to	x	x
read	v	d002.s000.t002
,	x	x
write	v	d002.s000.t003
and	x	x
reckon	v	d002.s000.t004
?	x	x
<eos>	x	x
it	x	x
'	v	x
not	r	x
that	x	x
we	x	x
do	v	x
not	r	x
know	v	d002.s001.t000
how	r	x
to	x	x
,	x	x
because	x	x
we	x	x
do	v	x
.	x	x
<eos>	x	x
it	x	x
'	v	x
that	x	x
we	x	x
do	v	x
not	r	x
want	v	d002.s002.t000
to	x	x
.	x	x
<eos>	x	x
and	x	x
the	x	x
reason	n	d002.s003.t000
we	x	x
do	v	x
not	r	x
want	v	d002.s003.t001
to	x	x
be	v	x
that	x	x
effective	a	d002.s003.t002
education	n	d002.s003.t003
would	v	x
require	v	d002.s003.t004
we	x	x
to	x	x
relinquish	v	d002.s003.t005
some	x	x
cherished	a	d002.s003.t006
metaphysical	a	d002.s003.t007
belief	n	d002.s003.t008
about	x	x
human	a	d002.s003.t009
nature	n	d002.s003.t010
in	x	x
general	a	x
and	x	x
the	x	x
human	a	d002.s003.t011
nature	n	d002.s003.t012
of	x	x
young	a	d002.s003.t013
people	n	d002.s003.t014
in_particular	r	d002.s003.t015
,	x	x
well	r	x
as	x	x
to	x	x
violate	v	d002.s003.t016
some	x	x
cherished	a	d002.s003.t017
vested	a	x
interest	n	d002.s003.t018
.	x	x
<eos>	x	x
these	x	x
belief	n	d002.s004.t000
so	r	d002.s004.t001
dominate	v	d002.s004.t002
we	x	x
educational	a	d002.s004.t003
establishment	n	d002.s004.t004
,	x	x
we	x	x
media	n	x
,	x	x
we	x	x
politician	n	d002.s004.t005
,	x	x
and	x	x
even	r	d002.s004.t006
we	x	x
parent	n	d002.s004.t007
that	x	x
it	x	x
seem	v	d002.s004.t008
almost	r	d002.s004.t009
blasphemous	a	d002.s004.t010
to	x	x
challenge	v	d002.s004.t011
they	x	x
.	x	x
<eos>	x	x
here	r	d002.s005.t000
be	v	x
a	x	x
example	n	d002.s005.t001
.	x	x
<eos>	x	x
if	x	x
I	x	x
be	v	x
to	x	x
ask	v	d002.s006.t000
a	x	x
sample	n	d002.s006.t001
of	x	x
american	a	d002.s006.t002
parent	n	d002.s006.t003
,	x	x
``	x	x
do	v	x
you	x	x
wish	v	d002.s006.t004
the	x	x
elementary_school	n	d002.s006.t005
to	x	x
encourage	v	d002.s006.t006
creativity	n	d002.s006.t007
in	x	x
you	x	x
child	n	d002.s006.t008
?	x	x
``	x	x
the	x	x
near-unanimous	a	x
answer	n	d002.s006.t009
would	v	x
be	v	x
,	x	x
``	x	x
yes	x	x
,	x	x
of_course	r	d002.s006.t010
.	x	x
``	x	x
<eos>	x	x
but	x	x
what	x	x
do	v	x
we	x	x
mean	v	d002.s007.t000
,	x	x
specifically	r	d002.s007.t001
,	x	x
by	x	x
``	x	x
creativity	n	d002.s007.t002
``	x	x
?	x	x
<eos>	x	x
no	x	x
one	n	d002.s008.t000
can	v	x
say	v	d002.s008.t001
.	x	x
<eos>	x	x
in_practice	r	d002.s009.t000
,	x	x
it	x	x
end_up	v	d002.s009.t001
be	v	x
equate	v	d002.s009.t002
with	x	x
a	x	x
``	x	x
self-expression	n	d002.s009.t003
``	x	x
that	x	x
encourage	v	d002.s009.t004
the	x	x
youngster	n	d002.s009.t005
'	x	x
``	x	x
self-esteem	n	d002.s009.t006
.	x	x
``	x	x
<eos>	x	x
the	x	x
result	n	d002.s010.t000
be	v	x
a	x	x
generation	n	d002.s010.t001
of	x	x
young	a	d002.s010.t002
people	n	d002.s010.t003
whose	x	x
ignorance	n	d002.s010.t004
and	x	x
intellectual	a	d002.s010.t005
incompetence	n	d002.s010.t006
be	v	x
match	v	d002.s010.t007
only	r	d002.s010.t008
by	x	x
they	x	x
good	a	d002.s010.t009
opinion	n	d002.s010.t010
of	x	x
themselves	x	x
.	x	x
<eos>	x	x
the	x	x
whole	a	d002.s011.t000
notion	n	d002.s011.t001
of	x	x
``	x	x
creativity	n	d002.s011.t002
``	x	x
in	x	x
education	n	d002.s011.t003
be	v	x
(	x	x
and	x	x
be	v	x
)	x	x
part	n	x
and	x	x
parcel	n	x
of	x	x
a	x	x
romantic	a	d002.s011.t004
rebellion	n	d002.s011.t005
against	x	x
disciplined	a	d002.s011.t006
instruction	n	d002.s011.t007
,	x	x
which	x	x
be	v	x
(	x	x
and	x	x
be	v	x
)	x	x
regard_as	v	d002.s011.t008
``	x	x
authoritarian	a	d002.s011.t009
,	x	x
``	x	x
a	x	x
repression	n	d002.s011.t010
and	x	x
frustration	n	d002.s011.t011
of	x	x
the	x	x
latent	a	d002.s011.t012
talent	n	d002.s011.t013
and	x	x
the	x	x
wonderful	a	d002.s011.t014
,	x	x
if	x	x
as	r	d002.s011.t015
yet	r	d002.s011.t016
undefined	a	d002.s011.t017
,	x	x
potentiality	n	d002.s011.t018
inherent	a	d002.s011.t019
in	x	x
the	x	x
soul	n	d002.s011.t020
of	x	x
all	x	x
we	x	x
child	n	d002.s011.t021
.	x	x
<eos>	x	x
it	x	x
be	v	x
not	r	x
surprising	a	d002.s012.t000
that	x	x
parent	n	d002.s012.t001
find	v	d002.s012.t002
this	x	x
romantic	a	d002.s012.t003
extravagance	n	x
so	r	d002.s012.t004
attractive	a	d002.s012.t005
.	x	x
<eos>	x	x
fortunately	r	d002.s013.t000
,	x	x
these	x	x
same	a	d002.s013.t001
parent	n	d002.s013.t002
do	v	x
want	v	d002.s013.t003
they	x	x
child	n	d002.s013.t004
to	x	x
get	v	d002.s013.t005
a	x	x
decent	a	d002.s013.t006
education	n	d002.s013.t007
as	r	d002.s013.t008
traditionally	r	d002.s013.t009
understand	v	d002.s013.t010
,	x	x
and	x	x
they	x	x
have	v	x
enough	r	d002.s013.t011
common_sense	n	d002.s013.t012
to	x	x
know	v	d002.s013.t013
what	x	x
that	x	x
demand	v	d002.s013.t014
.	x	x
<eos>	x	x
they	x	x
commitment	n	d002.s014.t000
to	x	x
``	x	x
creativity	n	d002.s014.t001
``	x	x
can	v	x
not	r	x
survive	v	d002.s014.t002
adolescent	a	d002.s014.t003
illiteracy	n	d002.s014.t004
.	x	x
<eos>	x	x
american	a	d002.s015.t000
education	n	d002.s015.t001
's	x	x
future	n	d002.s015.t002
will	v	x
be	v	x
determine	v	d002.s015.t003
by	x	x
the	x	x
degree	n	d002.s015.t004
to	x	x
which	x	x
we	x	x
--	x	x
all	x	x
of	x	x
we	x	x
--	x	x
allow	v	d002.s015.t005
this	x	x
common_sense	n	d002.s015.t006
to	x	x
prevail	v	d002.s015.t007
over	x	x
the	x	x
illusion	n	d002.s015.t008
that	x	x
we	x	x
also	r	d002.s015.t009
share	v	d002.s015.t010
.	x	x
<eos>	x	x
the	x	x
education	n	d002.s016.t000
establishment	n	d002.s016.t001
will	v	x
fight	v	d002.s016.t002
against	x	x
common_sense	n	d002.s016.t003
every_inch	r	d002.s016.t004
of	x	x
the	x	x
way	n	x
.	x	x
<eos>	x	x
the	x	x
reason	n	d002.s017.t000
be	v	x
complex	a	d002.s017.t001
,	x	x
but	x	x
one	x	x
simple	a	d002.s017.t002
reason	n	d002.s017.t003
ought	v	x
not	r	x
to	x	x
be	v	x
underestimate	v	x
.	x	x
<eos>	x	x
``	x	x
progressive	a	d002.s018.t000
education	n	d002.s018.t001
``	x	x
(	x	x
as	x	x
it	x	x
be	v	x
once	r	d002.s018.t002
call	v	d002.s018.t003
)	x	x
be	v	x
far	r	d002.s018.t004
more	r	d002.s018.t005
interesting	a	d002.s018.t006
and	x	x
agreeable	a	d002.s018.t007
to	x	x
teacher	n	d002.s018.t008
than	x	x
be	v	x
disciplined	a	d002.s018.t009
instruction	n	d002.s018.t010
.	x	x
<eos>	x	x
it	x	x
be	v	x
nice	a	d002.s019.t000
for	x	x
teacher	n	d002.s019.t001
to	x	x
think	v	d002.s019.t002
they	x	x
be	v	x
engage	v	x
in	x	x
``	x	x
personality	n	d002.s019.t003
development	n	d002.s019.t004
``	x	x
and	x	x
even	r	d002.s019.t005
nice	a	d002.s019.t006
to	x	x
minimize	v	d002.s019.t007
those	x	x
irksome	a	d002.s019.t008
test	n	d002.s019.t009
with	x	x
often	r	d002.s019.t010
disappointing	a	d002.s019.t011
result	n	d002.s019.t012
.	x	x
<eos>	x	x
it	x	x
also	r	d002.s020.t000
provide	v	d002.s020.t001
teacher	n	d002.s020.t002
with	x	x
a	x	x
superior	a	x
self-definition	n	x
as	x	x
a	x	x
``	x	x
profession	n	d002.s020.t003
,	x	x
``	x	x
since	x	x
they	x	x
will	v	x
have	v	x
pass	v	d002.s020.t004
course	n	d002.s020.t005
in	x	x
educational	a	d002.s020.t006
psychology	n	d002.s020.t007
and	x	x
educational	a	d002.s020.t008
philosophy	n	d002.s020.t009
.	x	x
<eos>	x	x
I	x	x
myself	x	x
take	v	d002.s021.t000
such	a	d002.s021.t001
course	n	d002.s021.t002
in	x	x
college	n	d002.s021.t003
,	x	x
think	v	d002.s021.t004
I	x	x
might	v	x
end_up	v	d002.s021.t005
a	x	x
schoolteacher	n	d002.s021.t006
.	x	x
<eos>	x	x
they	x	x
could	v	x
all	r	d002.s022.t000
fairly	r	d002.s022.t001
be	v	x
describe	v	d002.s022.t002
as	x	x
``	x	x
pap	n	d002.s022.t003
``	x	x
course	n	d002.s022.t004
.	x	x
<eos>	x	x
but	x	x
it	x	x
be	v	x
unfair	a	d002.s023.t000
to	x	x
dump	v	d002.s023.t001
on	x	x
teacher	n	d002.s023.t002
,	x	x
as	x	x
distinct	a	d002.s023.t003
from	x	x
the	x	x
educational	a	d002.s023.t004
establishment	n	d002.s023.t005
.	x	x
<eos>	x	x
I	x	x
know	v	d002.s024.t000
many	a	d002.s024.t001
schoolteacher	n	d002.s024.t002
and	x	x
,	x	x
on_the_whole	r	d002.s024.t003
,	x	x
they	x	x
be	v	x
seriously	r	d002.s024.t004
commit	v	d002.s024.t005
to	x	x
conscientious	a	d002.s024.t006
teaching	n	d002.s024.t007
.	x	x
<eos>	x	x
they	x	x
may	v	x
not	r	x
be	v	x
among	x	x
the	x	x
``	x	x
best	a	d002.s025.t000
and	x	x
bright	a	d002.s025.t001
``	x	x
of	x	x
they	x	x
generation	n	d002.s025.t002
--	x	x
there	x	x
be	v	x
very	r	d002.s025.t003
few	a	d002.s025.t004
such	a	d002.s025.t005
people	n	d002.s025.t006
,	x	x
by	x	x
definition	n	x
.	x	x
<eos>	x	x
but	x	x
they	x	x
need	v	x
not	r	x
be	v	x
to	x	x
do	v	x
they	x	x
job	n	d002.s026.t000
well	r	d002.s026.t001
.	x	x
<eos>	x	x
yes	x	x
,	x	x
we	x	x
all	x	x
can	v	x
remember	v	d002.s027.t000
one	x	x
or	x	x
two	x	x
truly	r	d002.s027.t001
inspiring	a	d002.s027.t002
teacher	n	d002.s027.t003
from	x	x
we	x	x
school	n	x
day	n	x
.	x	x
<eos>	x	x
but	x	x
we	x	x
education	n	d002.s028.t000
proceed	v	d002.s028.t001
at	x	x
the	x	x
hand	n	x
of	x	x
those	x	x
other	n	x
,	x	x
who	x	x
be	v	x
merely	r	d002.s028.t002
competent	a	d002.s028.t003
and	x	x
conscientious	a	d002.s028.t004
.	x	x
<eos>	x	x
in	x	x
this	x	x
sense	n	d002.s029.t000
,	x	x
a	x	x
teacher	n	d002.s029.t001
can	v	x
be	v	x
compare	v	d002.s029.t002
to	x	x
one	n	d002.s029.t003
's	x	x
family_doctor	n	d002.s029.t004
.	x	x
<eos>	x	x
if	x	x
he	x	x
be	v	x
brilliant	a	d002.s030.t000
,	x	x
he	x	x
probably	r	d002.s030.t001
would	v	x
not	r	x
be	v	x
a	x	x
family_doctor	n	d002.s030.t002
in_the_first_place	r	d002.s030.t003
.	x	x
<eos>	x	x
if	x	x
he	x	x
be	v	x
competent	a	d002.s031.t000
and	x	x
conscientious	a	d002.s031.t001
,	x	x
he	x	x
serve	v	d002.s031.t002
we	x	x
well	r	d002.s031.t003
.	x	x
<eos>	x	x
we	x	x
teacher	n	d002.s032.t000
be	v	x
not	r	x
a	x	x
important	a	d002.s032.t001
factor	n	d002.s032.t002
in	x	x
we	x	x
educational	a	d002.s032.t003
crisis	n	d002.s032.t004
.	x	x
<eos>	x	x
whether	x	x
they	x	x
be	v	x
or	x	x
be	v	x
not	r	x
underpaid	a	x
be	v	x
a	x	x
problem	n	d002.s033.t000
of	x	x
equity	n	d002.s033.t001
;	x	x
it	x	x
be	v	x
not	r	x
a	x	x
educational	a	d002.s033.t002
problem	n	d002.s033.t003
.	x	x
<eos>	x	x
it	x	x
be	v	x
silly	a	d002.s034.t000
libel	n	d002.s034.t001
on	x	x
we	x	x
teacher	n	d002.s034.t002
to	x	x
think	v	d002.s034.t003
they	x	x
would	v	x
educate	v	d002.s034.t004
we	x	x
child	n	d002.s034.t005
better	a	d002.s034.t006
if	x	x
only	r	d002.s034.t007
they	x	x
get	v	d002.s034.t008
a	x	x
few	a	d002.s034.t009
thousand	x	x
dollar	n	x
a	x	x
year	n	d002.s034.t010
more	r	d002.s034.t011
.	x	x
<eos>	x	x
it	x	x
be	v	x
the	x	x
kind	n	d002.s035.t000
of	x	x
libel	n	d002.s035.t001
the	x	x
teacher	n	d002.s035.t002
'	x	x
union	n	d002.s035.t003
do	v	x
not	r	x
mind	v	d002.s035.t004
spread	v	d002.s035.t005
,	x	x
for	x	x
they	x	x
own	a	d002.s035.t006
narrow	a	d002.s035.t007
purpose	n	d002.s035.t008
.	x	x
<eos>	x	x
it	x	x
be	v	x
also	r	d002.s036.t000
the	x	x
kind	n	d002.s036.t001
of	x	x
libel	n	d002.s036.t002
politician	n	d002.s036.t003
find	v	d002.s036.t004
useful	a	d002.s036.t005
,	x	x
since	x	x
it	x	x
help	v	d002.s036.t006
they	x	x
strike	v	d002.s036.t007
a	x	x
friendly	a	d002.s036.t008
posture	n	d002.s036.t009
on	x	x
behalf	n	d002.s036.t010
of	x	x
a	x	x
important	a	d002.s036.t011
constituency	n	d002.s036.t012
.	x	x
<eos>	x	x
but	x	x
there	x	x
be	v	x
not	r	x
one	x	x
shred	n	d002.s037.t000
of	x	x
evidence	n	d002.s037.t001
that	x	x
,	x	x
other	a	d002.s037.t002
thing	n	d002.s037.t003
be	v	x
equal	a	d002.s037.t004
,	x	x
salary	n	d002.s037.t005
differential	n	d002.s037.t006
result	v	d002.s037.t007
in	x	x
educational	a	d002.s037.t008
differential	n	d002.s037.t009
.	x	x
<eos>	x	x
if	x	x
there	x	x
be	v	x
such	a	d002.s038.t000
evidence	n	d002.s038.t001
,	x	x
you	x	x
can	v	x
be	v	x
sure	a	d002.s038.t002
you	x	x
would	v	x
have	v	x
hear	v	x
of	x	x
it	x	x
.	x	x
<eos>	x	x
if	x	x
we	x	x
wish	v	d002.s039.t000
to	x	x
be	v	x
serious	a	d002.s039.t001
about	x	x
american	a	d002.s039.t002
education	n	d002.s039.t003
,	x	x
we	x	x
know	v	d002.s039.t004
exactly	r	d002.s039.t005
what	x	x
to	x	x
do	v	x
--	x	x
and	x	x
,	x	x
just	r	d002.s039.t006
as	r	x
important	a	d002.s039.t007
,	x	x
what	x	x
not	r	x
to	x	x
do	v	x
.	x	x
<eos>	x	x
there	x	x
be	v	x
many	a	d002.s040.t000
successful	a	d002.s040.t001
school	n	d002.s040.t002
scattered	a	d002.s040.t003
throughout	x	x
this	x	x
nation	n	d002.s040.t004
,	x	x
some	x	x
of	x	x
they	x	x
in	x	x
the	x	x
poor	a	d002.s040.t005
of	x	x
ghetto	n	x
,	x	x
and	x	x
they	x	x
be	v	x
all	x	x
send	v	x
we	x	x
the	x	x
same	a	d002.s040.t006
message	n	x
.	x	x
<eos>	x	x
conversely	r	d002.s041.t000
,	x	x
there	x	x
be	v	x
the	x	x
majority	n	d002.s041.t001
of	x	x
unsuccessful	a	d002.s041.t002
school	n	d002.s041.t003
,	x	x
and	x	x
we	x	x
know	v	d002.s041.t004
which	x	x
effort	n	d002.s041.t005
at	x	x
educational	a	d002.s041.t006
reform	n	d002.s041.t007
be	v	x
doom	v	d002.s041.t008
beforehand	r	d002.s041.t009
.	x	x
<eos>	x	x
we	x	x
really	r	d002.s042.t000
do	v	x
know	v	d002.s042.t001
all	x	x
we	x	x
need	v	d002.s042.t002
to	x	x
know	v	d002.s042.t003
,	x	x
if	x	x
only	r	d002.s042.t004
we	x	x
could	v	x
assimilate	v	d002.s042.t005
this	x	x
knowledge	n	d002.s042.t006
into	x	x
we	x	x
thinking	n	x
.	x	x
<eos>	x	x
in	x	x
this	x	x
respect	n	d002.s043.t000
,	x	x
it	x	x
would	v	x
be	v	x
helpful	a	d002.s043.t001
if	x	x
we	x	x
political	a	d002.s043.t002
leader	n	d002.s043.t003
be	v	x
mute	a	d002.s043.t004
,	x	x
rather	r	d002.s043.t005
than	x	x
eloquently	r	d002.s043.t006
``	x	x
concern	v	d002.s043.t007
.	x	x
``	x	x
<eos>	x	x
they	x	x
be	v	x
inevitably	r	d002.s044.t000
inclined	a	d002.s044.t001
to	x	x
echo	v	d002.s044.t002
the	x	x
conventional	a	d002.s044.t003
pap	n	d002.s044.t004
,	x	x
since	x	x
this	x	x
be	v	x
the	x	x
least	a	d002.s044.t005
controversial	a	d002.s044.t006
option	n	x
that	x	x
be	v	x
open	a	d002.s044.t007
to	x	x
they	x	x
.	x	x
<eos>	x	x
thus	r	d002.s045.t000
at	x	x
the	x	x
recent	a	d002.s045.t001
governor	n	d002.s045.t002
'	x	x
conference	n	d002.s045.t003
on	x	x
education	n	d002.s045.t004
,	x	x
gov.	n	x
bill	n	x
clinton	n	x
of	x	x
arkansa	n	x
announce	v	d002.s045.t005
that	x	x
``	x	x
this	x	x
country	n	d002.s045.t006
need	v	d002.s045.t007
a	x	x
comprehensive	a	d002.s045.t008
child-development	n	x
policy	n	d002.s045.t009
for	x	x
child	n	d002.s045.t010
under	x	x
five	x	x
.	x	x
``	x	x
<eos>	x	x
a	x	x
comprehensive	a	d002.s046.t000
development	n	d002.s046.t001
policy	n	d002.s046.t002
for	x	x
governor	n	d002.s046.t003
over	x	x
30	x	x
would	v	x
seem	v	d002.s046.t004
to	x	x
be	v	x
a	x	x
more	r	d002.s046.t005
pressing	a	d002.s046.t006
need	n	d002.s046.t007
.	x	x
<eos>	x	x
what	x	x
gov.	n	x
clinton	n	x
be	v	x
advocate	v	d002.s047.t000
,	x	x
in_effect	r	d002.s047.t001
,	x	x
be	v	x
extend	v	d002.s047.t002
the	x	x
educational	a	d002.s047.t003
system	n	d002.s047.t004
down	x	x
to	x	x
the	x	x
pre-kindergarten	n	x
year	n	x
.	x	x
<eos>	x	x
whether	x	x
desirable	a	d002.s048.t000
or	x	x
not	r	x
,	x	x
this	x	x
be	v	x
a	x	x
childcare	n	d002.s048.t001
program	n	d002.s048.t002
,	x	x
not	r	x
a	x	x
educational	a	d002.s048.t003
program	n	d002.s048.t004
.	x	x
<eos>	x	x
we	x	x
know	v	d002.s049.t000
that	x	x
very	r	d002.s049.t001
early	a	d002.s049.t002
exposure	n	d002.s049.t003
to	x	x
schooling	n	d002.s049.t004
improve	v	d002.s049.t005
performance	n	d002.s049.t006
in	x	x
the	x	x
first	a	d002.s049.t007
grade	n	d002.s049.t008
,	x	x
but	x	x
afterward	r	d002.s049.t009
the	x	x
difference	n	d002.s049.t010
be	v	x
quickly	r	d002.s049.t011
wash	v	d002.s049.t012
away	r	d002.s049.t013
.	x	x
<eos>	x	x
let	v	x
we	x	x
sum_up	v	d002.s050.t000
what	x	x
we	x	x
do	v	x
know	v	d002.s050.t001
about	x	x
education	n	d002.s050.t002
and	x	x
about	x	x
those	x	x
education	n	d002.s050.t003
reform	n	d002.s050.t004
that	x	x
do	v	x
work	v	d002.s050.t005
and	x	x
do	v	x
not	r	x
work	v	d002.s050.t006
:	x	x
--	x	x
``	x	x
parental	a	d002.s050.t007
involvement	n	d002.s050.t008
``	x	x
be	v	x
a	x	x
bad	a	d002.s050.t009
idea	n	d002.s050.t010
.	x	x
<eos>	x	x
parent	n	d002.s051.t000
be	v	x
too	r	d002.s051.t001
likely	a	d002.s051.t002
to	x	x
blame	v	d002.s051.t003
school	n	d002.s051.t004
for	x	x
the	x	x
educational	a	d002.s051.t005
limitation	n	d002.s051.t006
of	x	x
they	x	x
child	n	d002.s051.t007
.	x	x
<eos>	x	x
parent	n	d002.s052.t000
should	v	x
be	v	x
involved	a	d002.s052.t001
with	x	x
they	x	x
child	n	d002.s052.t002
's	x	x
education	n	d002.s052.t003
at	x	x
home	n	d002.s052.t004
,	x	x
not	r	x
in	x	x
school	n	d002.s052.t005
.	x	x
<eos>	x	x
they	x	x
should	v	x
see	v	d002.s053.t000
to	x	x
it	x	x
that	x	x
they	x	x
kid	n	d002.s053.t001
do	v	x
not	r	x
play	v	d002.s053.t002
truant	a	d002.s053.t003
;	x	x
they	x	x
should	v	x
make	v	d002.s053.t004
certain	a	d002.s053.t005
that	x	x
the	x	x
child	n	d002.s053.t006
spend	v	d002.s053.t007
enough	a	d002.s053.t008
time	n	d002.s053.t009
do	v	x
homework	n	d002.s053.t010
;	x	x
they	x	x
should	v	x
scrutinize	v	d002.s053.t011
the	x	x
report_card	n	d002.s053.t012
.	x	x
<eos>	x	x
if	x	x
parent	n	d002.s054.t000
be	v	x
dissatisfy	v	x
with	x	x
a	x	x
school	n	d002.s054.t001
,	x	x
they	x	x
should	v	x
have	v	x
the	x	x
option	n	d002.s054.t002
of	x	x
switch	v	d002.s054.t003
to	x	x
another	x	x
.	x	x
<eos>	x	x
--	x	x
``	x	x
community	n	d002.s055.t000
involvement	n	d002.s055.t001
``	x	x
be	v	x
a	x	x
even	r	d002.s055.t002
worse	a	d002.s055.t003
idea	n	d002.s055.t004
.	x	x
<eos>	x	x
here	r	d002.s056.t000
,	x	x
the	x	x
experience	n	d002.s056.t001
of	x	x
new	n	x
york	n	x
city	n	x
be	v	x
decisive	a	x
.	x	x
<eos>	x	x
locally	r	d002.s057.t000
elected	a	d002.s057.t001
school_board	n	d002.s057.t002
,	x	x
especially	r	d002.s057.t003
in	x	x
we	x	x
larger	a	d002.s057.t004
city	n	d002.s057.t005
,	x	x
become	v	d002.s057.t006
the	x	x
prey	n	x
of	x	x
ambitious	a	d002.s057.t007
,	x	x
generally	r	d002.s057.t008
corrupt	a	d002.s057.t009
,	x	x
and	x	x
invariably	r	d002.s057.t010
demagogic	a	d002.s057.t011
local	a	d002.s057.t012
politician	n	d002.s057.t013
or	x	x
would-be	a	d002.s057.t014
politician	n	d002.s057.t015
.	x	x
<eos>	x	x
new	n	x
york	n	x
be	v	x
in	x	x
the	x	x
process	n	d002.s058.t000
of	x	x
try	v	d002.s058.t001
to	x	x
disengage	v	x
itself	x	x
from	x	x
a	x	x
20-year-old	a	x
commitment	n	x
to	x	x
this	x	x
system	n	d002.s058.t002
of	x	x
school	n	d002.s058.t003
governance	n	d002.s058.t004
,	x	x
even	r	d002.s058.t005
as	x	x
chicago	n	x
and	x	x
other	a	d002.s058.t006
city	n	d002.s058.t007
be	v	x
move	v	x
to	x	x
institute	v	d002.s058.t008
it	x	x
.	x	x
<eos>	x	x
--	x	x
in	x	x
most	a	d002.s059.t000
state	n	x
,	x	x
increased	a	d002.s059.t001
expenditure	n	d002.s059.t002
on	x	x
education	n	d002.s059.t003
,	x	x
in	x	x
we	x	x
current	a	d002.s059.t004
circumstance	n	d002.s059.t005
,	x	x
will	v	x
probably	r	d002.s059.t006
make	v	d002.s059.t007
thing	n	d002.s059.t008
worse	a	d002.s059.t009
,	x	x
not	r	x
better	a	d002.s059.t010
.	x	x
<eos>	x	x
the	x	x
reason	n	d002.s060.t000
be	v	x
simple	a	d002.s060.t001
:	x	x
education	n	d002.s060.t002
take_place	v	d002.s060.t003
in	x	x
the	x	x
classroom	n	d002.s060.t004
,	x	x
where	r	x
the	x	x
influence	n	d002.s060.t005
of	x	x
money	n	d002.s060.t006
be	v	x
minimal	a	d002.s060.t007
.	x	x
<eos>	x	x
decade	n	d002.s061.t000
of	x	x
educational	a	d002.s061.t001
research	n	d002.s061.t002
tell	v	d002.s061.t003
we	x	x
unequivocally	r	d002.s061.t004
that	x	x
even	r	d002.s061.t005
smaller	a	d002.s061.t006
class	n	d002.s061.t007
have	v	x
zero	x	x
effect	n	d002.s061.t008
on	x	x
the	x	x
academic	a	d002.s061.t009
performance	n	d002.s061.t010
of	x	x
the	x	x
pupil	n	d002.s061.t011
--	x	x
though	x	x
they	x	x
may	v	x
sometimes	r	d002.s061.t012
be	v	x
desirable	a	d002.s061.t013
for	x	x
other	a	d002.s061.t014
reason	n	d002.s061.t015
.	x	x
<eos>	x	x
the	x	x
new	a	d002.s062.t000
money	n	d002.s062.t001
flow	v	d002.s062.t002
into	x	x
the	x	x
already	r	d002.s062.t003
top-heavy	a	d002.s062.t004
administrative	a	d002.s062.t005
structure	n	d002.s062.t006
,	x	x
which	x	x
busy	n	x
itself	x	x
pile	v	d002.s062.t007
more	a	d002.s062.t008
and	x	x
more	a	d002.s062.t009
paperwork	n	d002.s062.t010
on	x	x
the	x	x
teacher	n	d002.s062.t011
.	x	x
<eos>	x	x
there	x	x
be	v	x
neither	x	x
mystery	n	d002.s063.t000
nor	x	x
paradox	n	d002.s063.t001
in	x	x
the	x	x
fact	n	d002.s063.t002
that	x	x
as	x	x
educational	a	d002.s063.t003
expenditure	n	d002.s063.t004
(	x	x
in	x	x
real	a	d002.s063.t005
term	n	x
)	x	x
have	v	x
increase	v	d002.s063.t006
sharply	r	d002.s063.t007
in	x	x
the	x	x
past	a	d002.s063.t008
quarter-of-a-century	a	x
--	x	x
we	x	x
now	r	d002.s063.t009
spend	v	d002.s063.t010
more	r	d002.s063.t011
per	x	x
pupil	n	d002.s063.t012
than	x	x
any	x	x
other	a	d002.s063.t013
country	n	d002.s063.t014
in	x	x
the	x	x
world	n	x
--	x	x
educational	a	d002.s063.t015
performance	n	d002.s063.t016
have	v	x
decline	v	d002.s063.t017
.	x	x
<eos>	x	x
that	x	x
be	v	x
the	x	x
way	n	d002.s064.t000
the	x	x
system	n	x
work	v	d002.s064.t001
.	x	x
<eos>	x	x
--	x	x
student	n	d002.s065.t000
should	v	x
move	v	x
up	x	x
the	x	x
educational	a	d002.s065.t001
ladder	n	x
as	x	x
they	x	x
academic	a	d002.s065.t002
potential	n	d002.s065.t003
allow	v	d002.s065.t004
.	x	x
<eos>	x	x
no	x	x
student	n	d002.s066.t000
should	v	x
be	v	x
permit	v	d002.s066.t001
to	x	x
be	v	x
graduate	v	d002.s066.t002
from	x	x
elementary_school	n	d002.s066.t003
without	x	x
have	v	x
master	v	d002.s066.t004
the	x	x
3	x	x
r	n	x
'	v	x
at	x	x
the	x	x
level	n	d002.s066.t005
that	x	x
prevail	v	d002.s066.t006
20	x	x
year	n	d002.s066.t007
ago	r	x
.	x	x
<eos>	x	x
this	x	x
mean	v	d002.s067.t000
``	x	x
tracking	n	x
,	x	x
``	x	x
whose	x	x
main	a	d002.s067.t001
purpose	n	d002.s067.t002
be	v	x
less	a	d002.s067.t003
to	x	x
permit	v	d002.s067.t004
the	x	x
gifted	a	d002.s067.t005
youngster	n	d002.s067.t006
to	x	x
flourish	v	d002.s067.t007
(	x	x
though	x	x
that	x	x
be	v	x
clearly	r	d002.s067.t008
desirable	a	d002.s067.t009
)	x	x
than	x	x
to	x	x
ensure	v	x
that	x	x
the	x	x
less	r	d002.s067.t010
gifted	a	d002.s067.t011
get	v	d002.s067.t012
the	x	x
necessary	a	d002.s067.t013
grounding	n	x
for	x	x
further	a	x
study	n	d002.s067.t014
or	x	x
for	x	x
enter	v	d002.s067.t015
the	x	x
modern	a	d002.s067.t016
world	n	d002.s067.t017
of	x	x
work	n	d002.s067.t018
.	x	x
<eos>	x	x
the	x	x
notion	n	d002.s068.t000
that	x	x
tracking	n	x
be	v	x
somehow	r	d002.s068.t001
``	x	x
undemocratic	a	d002.s068.t002
``	x	x
be	v	x
absurd	a	d002.s068.t003
.	x	x
<eos>	x	x
the	x	x
purpose	n	d002.s069.t000
of	x	x
education	n	d002.s069.t001
be	v	x
to	x	x
encourage	v	d002.s069.t002
young	a	d002.s069.t003
man	n	d002.s069.t004
and	x	x
woman	n	d002.s069.t005
to	x	x
realize	v	d002.s069.t006
they	x	x
full	a	d002.s069.t007
academic	a	d002.s069.t008
potential	n	d002.s069.t009
.	x	x
<eos>	x	x
no	x	x
one	n	x
in	x	x
he	x	x
right	a	x
mind	n	x
actually	r	d002.s070.t000
believe	v	d002.s070.t001
that	x	x
we	x	x
all	x	x
have	v	x
a	x	x
equal	a	d002.s070.t002
academic	a	d002.s070.t003
potential	n	d002.s070.t004
.	x	x
<eos>	x	x
--	x	x
it	x	x
be	v	x
generally	r	d002.s071.t000
desirable	a	d002.s071.t001
to	x	x
use	v	d002.s071.t002
older	a	x
textbook	n	d002.s071.t003
--	x	x
many	a	d002.s071.t004
of	x	x
they	x	x
,	x	x
alas	x	x
,	x	x
out	x	x
of	x	x
print	n	x
--	x	x
rather	r	d002.s071.t005
than	x	x
new	a	d002.s071.t006
one	n	d002.s071.t007
.	x	x
<eos>	x	x
the	x	x
latter	a	d002.s072.t000
be	v	x
modish	a	d002.s072.t001
,	x	x
trendy	a	d002.s072.t002
,	x	x
often	r	d002.s072.t003
downright	r	d002.s072.t004
silly	a	d002.s072.t005
,	x	x
and	x	x
at	x	x
best	a	d002.s072.t006
insubstantial	a	d002.s072.t007
.	x	x
<eos>	x	x
they	x	x
be	v	x
base	v	x
on	x	x
dubious	a	d002.s073.t000
psychological	a	d002.s073.t001
and	x	x
sociological	a	d002.s073.t002
theory	n	d002.s073.t003
rather	r	d002.s073.t004
than	x	x
on	x	x
educational	a	d002.s073.t005
experience	n	d002.s073.t006
.	x	x
<eos>	x	x
one	x	x
of	x	x
the	x	x
reason	n	d002.s074.t000
american	a	d002.s074.t001
student	n	d002.s074.t002
do	v	x
so	r	d002.s074.t003
poorly	r	d002.s074.t004
in	x	x
math	n	d002.s074.t005
test	n	x
,	x	x
as	x	x
compare	v	d002.s074.t006
with	x	x
british	a	d002.s074.t007
,	x	x
french	a	d002.s074.t008
,	x	x
german	a	d002.s074.t009
or	x	x
japanese	a	d002.s074.t010
student	n	d002.s074.t011
,	x	x
be	v	x
the	x	x
influence	n	d002.s074.t012
of	x	x
the	x	x
``	x	x
new	n	x
math	n	x
``	x	x
on	x	x
american	a	d002.s074.t013
textbook	n	d002.s074.t014
and	x	x
teaching	n	d002.s074.t015
method	n	d002.s074.t016
.	x	x
<eos>	x	x
anyone	n	x
who	x	x
want	v	d002.s075.t000
to	x	x
appreciate	v	d002.s075.t001
just	r	d002.s075.t002
how	r	x
bizarre	a	d002.s075.t003
this	x	x
situation	n	d002.s075.t004
be	v	x
--	x	x
with	x	x
student	n	d002.s075.t005
who	x	x
ca	v	x
not	r	x
add	v	d002.s075.t006
or	x	x
subtract	v	d002.s075.t007
``	x	x
learn	v	d002.s075.t008
``	x	x
the	x	x
conceptual	a	d002.s075.t009
basis	n	d002.s075.t010
of	x	x
mathematical	a	d002.s075.t011
theory	n	d002.s075.t012
--	x	x
should	v	x
read	v	d002.s075.t013
the	x	x
article	n	d002.s075.t014
by	x	x
caleb	n	x
nelson	n	x
(	x	x
himself	x	x
a	x	x
recent	a	d002.s075.t015
math	n	d002.s075.t016
major	n	d002.s075.t017
at	x	x
harvard	n	x
)	x	x
in	x	x
the	x	x
november	n	x
american	n	x
spectator	n	x
.	x	x
<eos>	x	x
--	x	x
most	r	d002.s076.t000
important	a	d002.s076.t001
of	x	x
all	x	x
,	x	x
school	n	d002.s076.t002
should	v	x
have	v	x
principal	n	d002.s076.t003
with	x	x
a	x	x
large	a	d002.s076.t004
measure	n	d002.s076.t005
of	x	x
authority	n	d002.s076.t006
over	x	x
the	x	x
faculty	n	d002.s076.t007
,	x	x
the	x	x
curriculum	n	d002.s076.t008
,	x	x
and	x	x
all	x	x
matter	n	d002.s076.t009
of	x	x
student	n	d002.s076.t010
discipline	n	x
.	x	x
<eos>	x	x
study	n	d002.s077.t000
after	x	x
study	n	d002.s077.t001
--	x	x
the	x	x
most	r	d002.s077.t002
recent	a	d002.s077.t003
from	x	x
the	x	x
brooking	n	x
institution	n	x
--	x	x
tell	v	d002.s077.t004
we	x	x
that	x	x
the	x	x
best	a	d002.s077.t005
school	n	d002.s077.t006
be	v	x
those	x	x
that	x	x
be	v	x
free	a	x
of	x	x
outside	a	d002.s077.t007
interference	n	d002.s077.t008
and	x	x
be	v	x
govern	v	d002.s077.t009
by	x	x
a	x	x
powerful	a	d002.s077.t010
head	n	d002.s077.t011
.	x	x
<eos>	x	x
with	x	x
that	x	x
authority	n	d002.s078.t000
,	x	x
of_course	r	d002.s078.t001
,	x	x
go_with	v	d002.s078.t002
a	x	x
unambiguous	a	d002.s078.t003
accountability	n	d002.s078.t004
.	x	x
<eos>	x	x
school	n	d002.s079.t000
that	x	x
be	v	x
structured	a	d002.s079.t001
in	x	x
this	x	x
way	n	d002.s079.t002
produce	v	d002.s079.t003
student	n	d002.s079.t004
with	x	x
higher	a	d002.s079.t005
morale	n	d002.s079.t006
and	x	x
superior	a	d002.s079.t007
academic	a	d002.s079.t008
performance	n	d002.s079.t009
.	x	x
<eos>	x	x
this	x	x
be	v	x
a	x	x
fact	n	d002.s080.t000
--	x	x
though	x	x
,	x	x
in	x	x
view	n	x
of	x	x
all	x	x
the	x	x
feather	n	x
that	x	x
be	v	x
ruffle	v	d002.s080.t001
by	x	x
this	x	x
fact	n	d002.s080.t002
,	x	x
it	x	x
be	v	x
not	r	x
surprising	a	d002.s080.t003
that	x	x
one	n	d002.s080.t004
hear	v	x
so	r	d002.s080.t005
little	a	x
about	x	x
it	x	x
.	x	x
<eos>	x	x
mr.	n	x
kristol	n	x
,	x	x
a	x	x
american	n	x
enterprise	n	x
institute	n	x
fellow	n	x
,	x	x
co-edit	v	x
the	n	x
public	n	x
interest	n	x
and	x	x
publish	v	d002.s081.t000
the	x	x
national	a	x
interest	n	x
.	x	x
<eos>	x	x
